[{"pk": 16, "model": "auth.message", "fields": {"message": "Login succeeded. Welcome, Lea.", "user": 1}}, {"pk": 17, "model": "auth.message", "fields": {"message": "You are logged in as Lea.", "user": 1}}, {"pk": 3, "model": "auth.message", "fields": {"message": "Login succeeded. Welcome, luiz armesto.", "user": 3}}, {"pk": 10, "model": "auth.message", "fields": {"message": "Login succeeded. Welcome, aimeesf.", "user": 5}}, {"pk": 12, "model": "auth.message", "fields": {"message": "Login succeeded. Welcome, elaste.", "user": 2}}, {"pk": 15, "model": "auth.message", "fields": {"message": "Login succeeded. Welcome, Lea.", "user": 1}}, {"pk": 18, "model": "auth.message", "fields": {"message": "Login succeeded. Welcome, Lea.", "user": 1}}, {"pk": 19, "model": "auth.message", "fields": {"message": "Login succeeded. Welcome, elaste.", "user": 2}}, {"pk": 20, "model": "auth.message", "fields": {"message": "Login succeeded. Welcome, elaste.", "user": 2}}, {"pk": 21, "model": "auth.message", "fields": {"message": "Login succeeded. Welcome, luiz armesto.", "user": 3}}, {"pk": 22, "model": "auth.message", "fields": {"message": "Login succeeded. Welcome, elaste.", "user": 2}}, {"pk": 23, "model": "auth.message", "fields": {"message": "Login succeeded. Welcome, elaste.", "user": 2}}, {"pk": 24, "model": "auth.message", "fields": {"message": "Login succeeded. Welcome, elaste.", "user": 2}}, {"pk": 25, "model": "auth.message", "fields": {"message": "Login succeeded. Welcome, elaste.", "user": 2}}, {"pk": 26, "model": "auth.message", "fields": {"message": "Login succeeded. Welcome, ebteodoro.", "user": 6}}, {"pk": 27, "model": "auth.message", "fields": {"message": "Login succeeded. Welcome, walrus.", "user": 4}}, {"pk": 28, "model": "auth.message", "fields": {"message": "Login succeeded. Welcome, elaste.", "user": 2}}, {"pk": 29, "model": "auth.message", "fields": {"message": "Login succeeded. Welcome, apierre_cardoso.", "user": 7}}, {"pk": 30, "model": "auth.message", "fields": {"message": "Login succeeded. Welcome, elaste.", "user": 2}}, {"pk": 31, "model": "auth.message", "fields": {"message": "Login succeeded. Welcome, Lea.", "user": 1}}, {"pk": 32, "model": "auth.message", "fields": {"message": "Login succeeded. Welcome, elaste.", "user": 2}}, {"pk": 33, "model": "auth.message", "fields": {"message": "Login succeeded. Welcome, lxbarth.", "user": 8}}, {"pk": 34, "model": "auth.message", "fields": {"message": "Login succeeded. Welcome, elaste.", "user": 2}}, {"pk": 35, "model": "auth.message", "fields": {"message": "Login succeeded. Welcome, apierre_cardoso.", "user": 7}}, {"pk": 36, "model": "auth.message", "fields": {"message": "Login succeeded. Welcome, apierre_cardoso.", "user": 7}}, {"pk": 37, "model": "auth.message", "fields": {"message": "Login succeeded. Welcome, luiz armesto.", "user": 3}}, {"pk": 38, "model": "auth.message", "fields": {"message": "Login succeeded. Welcome, elaste.", "user": 2}}, {"pk": 39, "model": "auth.message", "fields": {"message": "Login succeeded. Welcome, infernando.", "user": 9}}, {"pk": 40, "model": "auth.message", "fields": {"message": "Login succeeded. Welcome, jordao.", "user": 10}}, {"pk": 41, "model": "auth.message", "fields": {"message": "Login succeeded. Welcome, Clariane Santos.", "user": 11}}, {"pk": 16, "model": "contenttypes.contenttype", "fields": {"model": "address", "name": "address", "app_label": "komoo_map"}}, {"pk": 22, "model": "contenttypes.contenttype", "fields": {"model": "comment", "name": "comment", "app_label": "komoo_comments"}}, {"pk": 9, "model": "contenttypes.contenttype", "fields": {"model": "comment", "name": "comment", "app_label": "comments"}}, {"pk": 10, "model": "contenttypes.contenttype", "fields": {"model": "commentflag", "name": "comment flag", "app_label": "comments"}}, {"pk": 17, "model": "contenttypes.contenttype", "fields": {"model": "community", "name": "community", "app_label": "community"}}, {"pk": 5, "model": "contenttypes.contenttype", "fields": {"model": "contenttype", "name": "content type", "app_label": "contenttypes"}}, {"pk": 2, "model": "contenttypes.contenttype", "fields": {"model": "group", "name": "group", "app_label": "auth"}}, {"pk": 8, "model": "contenttypes.contenttype", "fields": {"model": "logentry", "name": "log entry", "app_label": "admin"}}, {"pk": 4, "model": "contenttypes.contenttype", "fields": {"model": "message", "name": "message", "app_label": "auth"}}, {"pk": 20, "model": "contenttypes.contenttype", "fields": {"model": "need", "name": "need", "app_label": "need"}}, {"pk": 18, "model": "contenttypes.contenttype", "fields": {"model": "needcategory", "name": "need category", "app_label": "need"}}, {"pk": 26, "model": "contenttypes.contenttype", "fields": {"model": "organization", "name": "organization", "app_label": "organization"}}, {"pk": 27, "model": "contenttypes.contenttype", "fields": {"model": "organizationbranch", "name": "organization branch", "app_label": "organization"}}, {"pk": 28, "model": "contenttypes.contenttype", "fields": {"model": "organizationcategory", "name": "organization category", "app_label": "organization"}}, {"pk": 29, "model": "contenttypes.contenttype", "fields": {"model": "organizationcategorytranslation", "name": "organization category translation", "app_label": "organization"}}, {"pk": 1, "model": "contenttypes.contenttype", "fields": {"model": "permission", "name": "permission", "app_label": "auth"}}, {"pk": 25, "model": "contenttypes.contenttype", "fields": {"model": "resource", "name": "resource", "app_label": "komoo_resource"}}, {"pk": 24, "model": "contenttypes.contenttype", "fields": {"model": "resourcekind", "name": "resource kind", "app_label": "komoo_resource"}}, {"pk": 13, "model": "contenttypes.contenttype", "fields": {"model": "revision", "name": "revision", "app_label": "reversion"}}, {"pk": 6, "model": "contenttypes.contenttype", "fields": {"model": "session", "name": "session", "app_label": "sessions"}}, {"pk": 7, "model": "contenttypes.contenttype", "fields": {"model": "site", "name": "site", "app_label": "sites"}}, {"pk": 21, "model": "contenttypes.contenttype", "fields": {"model": "proposal", "name": "solution proposal", "app_label": "proposal"}}, {"pk": 11, "model": "contenttypes.contenttype", "fields": {"model": "tag", "name": "Tag", "app_label": "taggit"}}, {"pk": 12, "model": "contenttypes.contenttype", "fields": {"model": "taggeditem", "name": "Tagged Item", "app_label": "taggit"}}, {"pk": 19, "model": "contenttypes.contenttype", "fields": {"model": "targetaudience", "name": "target audience", "app_label": "need"}}, {"pk": 15, "model": "contenttypes.contenttype", "fields": {"model": "uploadedfile", "name": "uploaded file", "app_label": "fileupload"}}, {"pk": 3, "model": "contenttypes.contenttype", "fields": {"model": "user", "name": "user", "app_label": "auth"}}, {"pk": 14, "model": "contenttypes.contenttype", "fields": {"model": "version", "name": "version", "app_label": "reversion"}}, {"pk": 23, "model": "contenttypes.contenttype", "fields": {"model": "vote", "name": "vote", "app_label": "vote"}}, {"pk": "f72cd211956fc2bd48acd3cf27960d14", "model": "sessions.session", "fields": {"expire_date": "2012-04-02 21:04:21", "session_data": "NmJiYzEyMjI5ZGFkMTFkN2YxMzg2ZTk4OWY4NDg2MWExYzY0YjMwYzqAAn1xAS4=\n"}}, {"pk": "8c1b034aa1e71b4dba6daa208ca16194", "model": "sessions.session", "fields": {"expire_date": "2012-04-03 14:17:42", "session_data": "Y2FkODYxNTM4Y2Y3OTQyMTJmNmRhODBkNmVjZWFmYmI5OTUwZGUzYjqAAn1xAShVEl9hdXRoX3Vz\nZXJfYmFja2VuZHECVRh1c2VyX2Nhcy5Lb21vb0NBU0JhY2tlbmRxA1UNX2F1dGhfdXNlcl9pZHEE\nigECdS4=\n"}}, {"pk": "c12ad31c42612b907554a77d84967716", "model": "sessions.session", "fields": {"expire_date": "2012-04-03 19:11:26", "session_data": "NjQ3ZDU0OGU5ODk4NDAwMzEwNWI3MWQ0OWQ2NDJlNDhkMTMwMGQyZDqAAn1xAShVEl9hdXRoX3Vz\nZXJfYmFja2VuZHECVRh1c2VyX2Nhcy5Lb21vb0NBU0JhY2tlbmRxA1UNX2F1dGhfdXNlcl9pZHEE\nigEDdS4=\n"}}, {"pk": "269d41fdbedeee957c73a634292da807", "model": "sessions.session", "fields": {"expire_date": "2012-04-05 12:37:44", "session_data": "OGViMzdlZTg4ZTZlNGNkNjAwYjQyY2M3Y2Y2N2MzMjQ3MWNiYjY2YzqAAn1xAShVEl9hdXRoX3Vz\nZXJfYmFja2VuZHECVRh1c2VyX2Nhcy5Lb21vb0NBU0JhY2tlbmRxA1UNX2F1dGhfdXNlcl9pZHEE\nSwJ1Lg==\n"}}, {"pk": "39b8604439088da5111a4e26881e1fd6", "model": "sessions.session", "fields": {"expire_date": "2012-04-06 14:26:30", "session_data": "OTBhNGQzMDlhZjI4NjFiZWY5NDU4NWQxZmVmMTMzN2MxNTEzYjNjNzqAAn1xAShVEl9hdXRoX3Vz\nZXJfYmFja2VuZHECVRh1c2VyX2Nhcy5Lb21vb0NBU0JhY2tlbmRxA1UNX2F1dGhfdXNlcl9pZHEE\nSwF1Lg==\n"}}, {"pk": "6f6978f34e314257be0ec717375a57bc", "model": "sessions.session", "fields": {"expire_date": "2012-04-10 19:22:29", "session_data": "NWQ3YzNkOGQxZmQwZWEzOTU5MWZmYmM2ZWEzYzg4YWQ5OThjMDk1MTqAAn1xAShVEl9hdXRoX3Vz\nZXJfYmFja2VuZHECVRh1c2VyX2Nhcy5Lb21vb0NBU0JhY2tlbmRxA1UNX2F1dGhfdXNlcl9pZHEE\nigEFdS4=\n"}}, {"pk": "0da8bcf6ee6848618058c1c665ee7f93", "model": "sessions.session", "fields": {"expire_date": "2012-04-11 18:55:34", "session_data": "NzAzMDk2YjU1MDgzNzVmMDhhNDE1ZjE2Mjg0YjM1MjRhMzEzZDk5NjqAAn1xAShVEl9hdXRoX3Vz\nZXJfYmFja2VuZHECVRh1c2VyX2Nhcy5Lb21vb0NBU0JhY2tlbmRxA1UNX2F1dGhfdXNlcl9pZHEE\nSwF1Lg==\n"}}, {"pk": "76d27594920de61bc90695160bd601a3", "model": "sessions.session", "fields": {"expire_date": "2012-04-11 19:28:26", "session_data": "NmNmY2QxNTlhZDMxMDMxYjcwZDUwNDM5NWMwMDVmYTg3ZGNkYmE3NDqAAn1xAShVEl9hdXRoX3Vz\nZXJfYmFja2VuZHECVRh1c2VyX2Nhcy5Lb21vb0NBU0JhY2tlbmRxA1UNX2F1dGhfdXNlcl9pZHEE\nSwR1Lg==\n"}}, {"pk": "e4daf75c335fd6a8c91dc5252af5b101", "model": "sessions.session", "fields": {"expire_date": "2012-04-12 13:10:45", "session_data": "OTBhNGQzMDlhZjI4NjFiZWY5NDU4NWQxZmVmMTMzN2MxNTEzYjNjNzqAAn1xAShVEl9hdXRoX3Vz\nZXJfYmFja2VuZHECVRh1c2VyX2Nhcy5Lb21vb0NBU0JhY2tlbmRxA1UNX2F1dGhfdXNlcl9pZHEE\nSwF1Lg==\n"}}, {"pk": "7c23b32aad550b7cabfb2aefcaf7529a", "model": "sessions.session", "fields": {"expire_date": "2012-04-12 18:10:37", "session_data": "NzljNTVmNjM3YTEzMjI1M2E5ZmFhMGNiM2E0MzcxNWU2OWFkMDMxYTqAAn1xAS4=\n"}}, {"pk": "1339af6b0ab0d076c6db816f67fc0c7c", "model": "sessions.session", "fields": {"expire_date": "2012-04-13 14:33:59", "session_data": "OGViMzdlZTg4ZTZlNGNkNjAwYjQyY2M3Y2Y2N2MzMjQ3MWNiYjY2YzqAAn1xAShVEl9hdXRoX3Vz\nZXJfYmFja2VuZHECVRh1c2VyX2Nhcy5Lb21vb0NBU0JhY2tlbmRxA1UNX2F1dGhfdXNlcl9pZHEE\nSwJ1Lg==\n"}}, {"pk": "8f3f5232276f368b9b7d297e9eae0593", "model": "sessions.session", "fields": {"expire_date": "2012-04-13 21:49:16", "session_data": "NzQ0OTRlZDg5YTRhYWRiYWM2MzhlMDFkODQ1NDIwN2ViYmM1YzhjYzqAAn1xAShVEl9hdXRoX3Vz\nZXJfYmFja2VuZHECVRh1c2VyX2Nhcy5Lb21vb0NBU0JhY2tlbmRxA1UNX2F1dGhfdXNlcl9pZHEE\nSwN1Lg==\n"}}, {"pk": "aa99a6a2b6f97a3478ad961e54b3f1fe", "model": "sessions.session", "fields": {"expire_date": "2012-04-16 18:32:38", "session_data": "OGViMzdlZTg4ZTZlNGNkNjAwYjQyY2M3Y2Y2N2MzMjQ3MWNiYjY2YzqAAn1xAShVEl9hdXRoX3Vz\nZXJfYmFja2VuZHECVRh1c2VyX2Nhcy5Lb21vb0NBU0JhY2tlbmRxA1UNX2F1dGhfdXNlcl9pZHEE\nSwJ1Lg==\n"}}, {"pk": "64feca3af36d440909a88dc2578ed979", "model": "sessions.session", "fields": {"expire_date": "2012-04-16 20:39:49", "session_data": "OGViMzdlZTg4ZTZlNGNkNjAwYjQyY2M3Y2Y2N2MzMjQ3MWNiYjY2YzqAAn1xAShVEl9hdXRoX3Vz\nZXJfYmFja2VuZHECVRh1c2VyX2Nhcy5Lb21vb0NBU0JhY2tlbmRxA1UNX2F1dGhfdXNlcl9pZHEE\nSwJ1Lg==\n"}}, {"pk": "4ffc967b2e2c41bed4d43946a06a0113", "model": "sessions.session", "fields": {"expire_date": "2012-04-16 23:25:13", "session_data": "OGViMzdlZTg4ZTZlNGNkNjAwYjQyY2M3Y2Y2N2MzMjQ3MWNiYjY2YzqAAn1xAShVEl9hdXRoX3Vz\nZXJfYmFja2VuZHECVRh1c2VyX2Nhcy5Lb21vb0NBU0JhY2tlbmRxA1UNX2F1dGhfdXNlcl9pZHEE\nSwJ1Lg==\n"}}, {"pk": "1a8b04faaa292f2bac5342bf8c1fe176", "model": "sessions.session", "fields": {"expire_date": "2012-04-17 13:47:04", "session_data": "OGViMzdlZTg4ZTZlNGNkNjAwYjQyY2M3Y2Y2N2MzMjQ3MWNiYjY2YzqAAn1xAShVEl9hdXRoX3Vz\nZXJfYmFja2VuZHECVRh1c2VyX2Nhcy5Lb21vb0NBU0JhY2tlbmRxA1UNX2F1dGhfdXNlcl9pZHEE\nSwJ1Lg==\n"}}, {"pk": "ee6d583b25d0ed5a471448a0a5a5f356", "model": "sessions.session", "fields": {"expire_date": "2012-04-17 17:32:42", "session_data": "NzZkNTVkNmFkMDA2MjdjZDFjNWQ2NzMwMTczOGNiNmIxMzVjNmI3MDqAAn1xAShVEl9hdXRoX3Vz\nZXJfYmFja2VuZHECVRh1c2VyX2Nhcy5Lb21vb0NBU0JhY2tlbmRxA1UNX2F1dGhfdXNlcl9pZHEE\nigEGdS4=\n"}}, {"pk": "9dbb9eb3d448d60bca0370c398db258f", "model": "sessions.session", "fields": {"expire_date": "2012-04-17 18:07:17", "session_data": "NmNmY2QxNTlhZDMxMDMxYjcwZDUwNDM5NWMwMDVmYTg3ZGNkYmE3NDqAAn1xAShVEl9hdXRoX3Vz\nZXJfYmFja2VuZHECVRh1c2VyX2Nhcy5Lb21vb0NBU0JhY2tlbmRxA1UNX2F1dGhfdXNlcl9pZHEE\nSwR1Lg==\n"}}, {"pk": "7cc65fac6b5e2fd32cbc64c6d88e0ba7", "model": "sessions.session", "fields": {"expire_date": "2012-04-17 18:51:42", "session_data": "OGViMzdlZTg4ZTZlNGNkNjAwYjQyY2M3Y2Y2N2MzMjQ3MWNiYjY2YzqAAn1xAShVEl9hdXRoX3Vz\nZXJfYmFja2VuZHECVRh1c2VyX2Nhcy5Lb21vb0NBU0JhY2tlbmRxA1UNX2F1dGhfdXNlcl9pZHEE\nSwJ1Lg==\n"}}, {"pk": "7aa53bb44ad93091f47011459aad4009", "model": "sessions.session", "fields": {"expire_date": "2012-04-17 22:08:13", "session_data": "OGViMzdlZTg4ZTZlNGNkNjAwYjQyY2M3Y2Y2N2MzMjQ3MWNiYjY2YzqAAn1xAShVEl9hdXRoX3Vz\nZXJfYmFja2VuZHECVRh1c2VyX2Nhcy5Lb21vb0NBU0JhY2tlbmRxA1UNX2F1dGhfdXNlcl9pZHEE\nSwJ1Lg==\n"}}, {"pk": "bd2bbbb44b5453eef994e07d4dfe1dfa", "model": "sessions.session", "fields": {"expire_date": "2012-04-18 09:57:07", "session_data": "OTBhNGQzMDlhZjI4NjFiZWY5NDU4NWQxZmVmMTMzN2MxNTEzYjNjNzqAAn1xAShVEl9hdXRoX3Vz\nZXJfYmFja2VuZHECVRh1c2VyX2Nhcy5Lb21vb0NBU0JhY2tlbmRxA1UNX2F1dGhfdXNlcl9pZHEE\nSwF1Lg==\n"}}, {"pk": "ece2ea97a09fcec37dd8954a50069e98", "model": "sessions.session", "fields": {"expire_date": "2012-04-18 12:27:56", "session_data": "OGViMzdlZTg4ZTZlNGNkNjAwYjQyY2M3Y2Y2N2MzMjQ3MWNiYjY2YzqAAn1xAShVEl9hdXRoX3Vz\nZXJfYmFja2VuZHECVRh1c2VyX2Nhcy5Lb21vb0NBU0JhY2tlbmRxA1UNX2F1dGhfdXNlcl9pZHEE\nSwJ1Lg==\n"}}, {"pk": "d208ce10ffb35ff6c1eb905e26b644bb", "model": "sessions.session", "fields": {"expire_date": "2012-04-18 17:44:14", "session_data": "OGI4ZWVmNTJhZTMzYmViOGJkZTc4ZWMwMDZlODU0NDZiMDFkZmY2MTqAAn1xAShVEl9hdXRoX3Vz\nZXJfYmFja2VuZHECVRh1c2VyX2Nhcy5Lb21vb0NBU0JhY2tlbmRxA1UNX2F1dGhfdXNlcl9pZHEE\nigEIdS4=\n"}}, {"pk": "4b899633b7a9ce9b85330e29c294a258", "model": "sessions.session", "fields": {"expire_date": "2012-04-18 18:09:33", "session_data": "OGViMzdlZTg4ZTZlNGNkNjAwYjQyY2M3Y2Y2N2MzMjQ3MWNiYjY2YzqAAn1xAShVEl9hdXRoX3Vz\nZXJfYmFja2VuZHECVRh1c2VyX2Nhcy5Lb21vb0NBU0JhY2tlbmRxA1UNX2F1dGhfdXNlcl9pZHEE\nSwJ1Lg==\n"}}, {"pk": "4966669af7960fa69bd9f08ad1cb74b0", "model": "sessions.session", "fields": {"expire_date": "2012-04-19 18:17:37", "session_data": "ZTIwOGU2NzNjZGE3NWIwOTM0MGQxYmRiNTlhMjdjMjNhODMyYTg3ZTqAAn1xAShVEl9hdXRoX3Vz\nZXJfYmFja2VuZHECVRh1c2VyX2Nhcy5Lb21vb0NBU0JhY2tlbmRxA1UNX2F1dGhfdXNlcl9pZHEE\nSwd1Lg==\n"}}, {"pk": "21385e2a918995933877816f20891663", "model": "sessions.session", "fields": {"expire_date": "2012-04-19 22:58:07", "session_data": "NzQ0OTRlZDg5YTRhYWRiYWM2MzhlMDFkODQ1NDIwN2ViYmM1YzhjYzqAAn1xAShVEl9hdXRoX3Vz\nZXJfYmFja2VuZHECVRh1c2VyX2Nhcy5Lb21vb0NBU0JhY2tlbmRxA1UNX2F1dGhfdXNlcl9pZHEE\nSwN1Lg==\n"}}, {"pk": "86eb973d88829a7bb6d8ecdcc793991f", "model": "sessions.session", "fields": {"expire_date": "2012-04-21 22:48:38", "session_data": "OGViMzdlZTg4ZTZlNGNkNjAwYjQyY2M3Y2Y2N2MzMjQ3MWNiYjY2YzqAAn1xAShVEl9hdXRoX3Vz\nZXJfYmFja2VuZHECVRh1c2VyX2Nhcy5Lb21vb0NBU0JhY2tlbmRxA1UNX2F1dGhfdXNlcl9pZHEE\nSwJ1Lg==\n"}}, {"pk": "6ba45fc41eff5e6a1c5f216b3d4952b8", "model": "sessions.session", "fields": {"expire_date": "2012-04-23 00:42:25", "session_data": "ZGI1MWM1NDRiMGU3ODRjNjUyOWU1OGJmMzg4OTcyY2U1M2Q1YWFkOTqAAn1xAShVEl9hdXRoX3Vz\nZXJfYmFja2VuZHECVRh1c2VyX2Nhcy5Lb21vb0NBU0JhY2tlbmRxA1UNX2F1dGhfdXNlcl9pZHEE\nigEJdS4=\n"}}, {"pk": "eea5f990b1988810ffb3e8c511b0941b", "model": "sessions.session", "fields": {"expire_date": "2012-04-23 13:45:24", "session_data": "YTAwODU0MmM5MjU5ZmFjNTZiYWY0ZTY4NzYyNjk2ZjIwNTZkYzM3ZTqAAn1xAShVEl9hdXRoX3Vz\nZXJfYmFja2VuZHECVRh1c2VyX2Nhcy5Lb21vb0NBU0JhY2tlbmRxA1UNX2F1dGhfdXNlcl9pZHEE\nigEKdS4=\n"}}, {"pk": "fe47dddb1155e08d1a9b1f96d1ca76af", "model": "sessions.session", "fields": {"expire_date": "2012-04-23 13:52:15", "session_data": "NzkwMWI1MzBiMzg0YWYwMjRjMjE1OGU4MzRkODI0ZjNlZjg3ZjM0MDqAAn1xAShVEl9hdXRoX3Vz\nZXJfYmFja2VuZHECVRh1c2VyX2Nhcy5Lb21vb0NBU0JhY2tlbmRxA1UNX2F1dGhfdXNlcl9pZHEE\nigELdS4=\n"}}, {"pk": 1, "model": "sites.site", "fields": {"domain": "example.com", "name": "example.com"}}, {"pk": 6, "model": "admin.logentry", "fields": {"action_flag": 3, "action_time": "2012-04-02 18:21:08", "object_repr": "comunidade", "object_id": "3", "change_message": "", "user": 4, "content_type": 17}}, {"pk": 5, "model": "admin.logentry", "fields": {"action_flag": 3, "action_time": "2012-03-30 21:35:57", "object_repr": "Pr\u00e9dio da Aquian\u00e9s", "object_id": "1", "change_message": "", "user": 4, "content_type": 27}}, {"pk": 4, "model": "admin.logentry", "fields": {"action_flag": 3, "action_time": "2012-03-28 16:31:39", "object_repr": "Teste", "object_id": "5", "change_message": "", "user": 4, "content_type": 20}}, {"pk": 3, "model": "admin.logentry", "fields": {"action_flag": 3, "action_time": "2012-03-28 16:28:29", "object_repr": "Trabalho educativo referente ao lixo", "object_id": "4", "change_message": "", "user": 1, "content_type": 20}}, {"pk": 2, "model": "admin.logentry", "fields": {"action_flag": 2, "action_time": "2012-03-28 15:27:04", "object_repr": "Circo Escola S\u00e3o Remo", "object_id": "1", "change_message": "Reverted to previous version, saved on March 22, 2012, 7:15 p.m.", "user": 4, "content_type": 26}}, {"pk": 1, "model": "admin.logentry", "fields": {"action_flag": 3, "action_time": "2012-03-22 18:56:30", "object_repr": "Ratos na rua", "object_id": "2", "change_message": "", "user": 1, "content_type": 20}}, {"pk": 1, "model": "taggit.tag", "fields": {"name": "Lazer", "slug": "lazer"}}, {"pk": 2, "model": "taggit.tag", "fields": {"name": "Esporte", "slug": "esporte"}}, {"pk": 3, "model": "taggit.tag", "fields": {"name": "Futebol", "slug": "futebol"}}, {"pk": 4, "model": "taggit.tag", "fields": {"name": "animais", "slug": "animais"}}, {"pk": 5, "model": "taggit.tag", "fields": {"name": "Transporte", "slug": "transporte"}}, {"pk": 6, "model": "taggit.tag", "fields": {"name": "Parque", "slug": "parque"}}, {"pk": 7, "model": "taggit.tag", "fields": {"name": "Verde", "slug": "verde"}}, {"pk": 8, "model": "taggit.tag", "fields": {"name": "Recrea\u00e7\u00e3o", "slug": "recreacao"}}, {"pk": 9, "model": "taggit.tag", "fields": {"name": "Crian\u00e7as", "slug": "criancas"}}, {"pk": 10, "model": "taggit.tag", "fields": {"name": "Espa\u00e7o recreativo", "slug": "espaco-recreativo"}}, {"pk": 11, "model": "taggit.tag", "fields": {"name": "educa\u00e7\u00e3o", "slug": "educacao"}}, {"pk": 12, "model": "taggit.tag", "fields": {"name": "reciclagem", "slug": "reciclagem"}}, {"pk": 13, "model": "taggit.tag", "fields": {"name": "lixo", "slug": "lixo"}}, {"pk": 14, "model": "taggit.tag", "fields": {"name": "meio ambiente", "slug": "meio-ambiente"}}, {"pk": 15, "model": "taggit.tag", "fields": {"name": "sa\u00fade", "slug": "saude"}}, {"pk": 16, "model": "taggit.tag", "fields": {"name": "HIV", "slug": "hiv"}}, {"pk": 17, "model": "taggit.tag", "fields": {"name": "\u00e1reas verdes", "slug": "areas-verdes"}}, {"pk": 18, "model": "taggit.tag", "fields": {"name": "falta de ca\u00e7ambas", "slug": "falta-de-cacambas"}}, {"pk": 19, "model": "taggit.tag", "fields": {"name": "ca\u00e7ambas", "slug": "cacambas"}}, {"pk": 20, "model": "taggit.tag", "fields": {"name": "asfalto", "slug": "asfalto"}}, {"pk": 21, "model": "taggit.tag", "fields": {"name": "rua", "slug": "rua"}}, {"pk": 22, "model": "taggit.tag", "fields": {"name": "entulho", "slug": "entulho"}}, {"pk": 1, "model": "taggit.taggeditem", "fields": {"tag": 1, "content_type": 25, "object_id": 1}}, {"pk": 2, "model": "taggit.taggeditem", "fields": {"tag": 2, "content_type": 25, "object_id": 1}}, {"pk": 3, "model": "taggit.taggeditem", "fields": {"tag": 3, "content_type": 25, "object_id": 1}}, {"pk": 8, "model": "taggit.taggeditem", "fields": {"tag": 1, "content_type": 25, "object_id": 2}}, {"pk": 9, "model": "taggit.taggeditem", "fields": {"tag": 2, "content_type": 25, "object_id": 2}}, {"pk": 11, "model": "taggit.taggeditem", "fields": {"tag": 5, "content_type": 25, "object_id": 3}}, {"pk": 12, "model": "taggit.taggeditem", "fields": {"tag": 8, "content_type": 25, "object_id": 4}}, {"pk": 13, "model": "taggit.taggeditem", "fields": {"tag": 6, "content_type": 25, "object_id": 4}}, {"pk": 14, "model": "taggit.taggeditem", "fields": {"tag": 7, "content_type": 25, "object_id": 4}}, {"pk": 15, "model": "taggit.taggeditem", "fields": {"tag": 9, "content_type": 20, "object_id": 3}}, {"pk": 16, "model": "taggit.taggeditem", "fields": {"tag": 10, "content_type": 20, "object_id": 3}}, {"pk": 23, "model": "taggit.taggeditem", "fields": {"tag": 16, "content_type": 20, "object_id": 7}}, {"pk": 24, "model": "taggit.taggeditem", "fields": {"tag": 15, "content_type": 20, "object_id": 7}}, {"pk": 37, "model": "taggit.taggeditem", "fields": {"tag": 12, "content_type": 20, "object_id": 6}}, {"pk": 38, "model": "taggit.taggeditem", "fields": {"tag": 13, "content_type": 20, "object_id": 6}}, {"pk": 39, "model": "taggit.taggeditem", "fields": {"tag": 14, "content_type": 20, "object_id": 6}}, {"pk": 46, "model": "taggit.taggeditem", "fields": {"tag": 18, "content_type": 20, "object_id": 9}}, {"pk": 47, "model": "taggit.taggeditem", "fields": {"tag": 13, "content_type": 20, "object_id": 9}}, {"pk": 48, "model": "taggit.taggeditem", "fields": {"tag": 17, "content_type": 20, "object_id": 8}}, {"pk": 49, "model": "taggit.taggeditem", "fields": {"tag": 13, "content_type": 20, "object_id": 8}}, {"pk": 50, "model": "taggit.taggeditem", "fields": {"tag": 14, "content_type": 20, "object_id": 8}}, {"pk": 51, "model": "taggit.taggeditem", "fields": {"tag": 19, "content_type": 20, "object_id": 10}}, {"pk": 52, "model": "taggit.taggeditem", "fields": {"tag": 13, "content_type": 20, "object_id": 10}}, {"pk": 53, "model": "taggit.taggeditem", "fields": {"tag": 20, "content_type": 20, "object_id": 11}}, {"pk": 54, "model": "taggit.taggeditem", "fields": {"tag": 21, "content_type": 20, "object_id": 11}}, {"pk": 55, "model": "taggit.taggeditem", "fields": {"tag": 13, "content_type": 20, "object_id": 12}}, {"pk": 56, "model": "taggit.taggeditem", "fields": {"tag": 22, "content_type": 20, "object_id": 12}}, {"pk": 44, "model": "reversion.revision", "fields": {"comment": "", "date_created": "2012-03-28 20:30:07", "manager_slug": "default", "user": 1}}, {"pk": 45, "model": "reversion.revision", "fields": {"comment": "", "date_created": "2012-03-28 20:48:32", "manager_slug": "default", "user": 1}}, {"pk": 1, "model": "reversion.revision", "fields": {"comment": "", "date_created": "2012-03-19 22:01:01", "manager_slug": "default", "user": 1}}, {"pk": 2, "model": "reversion.revision", "fields": {"comment": "", "date_created": "2012-03-21 15:04:58", "manager_slug": "default", "user": 1}}, {"pk": 3, "model": "reversion.revision", "fields": {"comment": "", "date_created": "2012-03-21 16:50:38", "manager_slug": "default", "user": 1}}, {"pk": 4, "model": "reversion.revision", "fields": {"comment": "", "date_created": "2012-03-21 16:52:01", "manager_slug": "default", "user": 1}}, {"pk": 5, "model": "reversion.revision", "fields": {"comment": "", "date_created": "2012-03-21 16:52:39", "manager_slug": "default", "user": 1}}, {"pk": 6, "model": "reversion.revision", "fields": {"comment": "", "date_created": "2012-03-22 12:39:23", "manager_slug": "default", "user": 2}}, {"pk": 7, "model": "reversion.revision", "fields": {"comment": "", "date_created": "2012-03-22 12:55:19", "manager_slug": "default", "user": 2}}, {"pk": 8, "model": "reversion.revision", "fields": {"comment": "", "date_created": "2012-03-22 15:12:08", "manager_slug": "default", "user": 1}}, {"pk": 9, "model": "reversion.revision", "fields": {"comment": "", "date_created": "2012-03-22 15:13:01", "manager_slug": "default", "user": 1}}, {"pk": 10, "model": "reversion.revision", "fields": {"comment": "", "date_created": "2012-03-22 18:53:26", "manager_slug": "default", "user": 4}}, {"pk": 11, "model": "reversion.revision", "fields": {"comment": "Deleted need.", "date_created": "2012-03-22 18:56:30", "manager_slug": "default", "user": 1}}, {"pk": 12, "model": "reversion.revision", "fields": {"comment": "", "date_created": "2012-03-22 19:13:57", "manager_slug": "default", "user": 1}}, {"pk": 13, "model": "reversion.revision", "fields": {"comment": "", "date_created": "2012-03-22 19:15:09", "manager_slug": "default", "user": 1}}, {"pk": 14, "model": "reversion.revision", "fields": {"comment": "", "date_created": "2012-03-22 19:22:39", "manager_slug": "default", "user": 1}}, {"pk": 15, "model": "reversion.revision", "fields": {"comment": "", "date_created": "2012-03-23 14:29:24", "manager_slug": "default", "user": 1}}, {"pk": 16, "model": "reversion.revision", "fields": {"comment": "", "date_created": "2012-03-23 17:32:56", "manager_slug": "default", "user": 4}}, {"pk": 17, "model": "reversion.revision", "fields": {"comment": "Reverted to previous version, saved on March 22, 2012, 7:15 p.m.", "date_created": "2012-03-28 15:27:04", "manager_slug": "default", "user": 4}}, {"pk": 18, "model": "reversion.revision", "fields": {"comment": "", "date_created": "2012-03-28 15:38:41", "manager_slug": "default", "user": 1}}, {"pk": 19, "model": "reversion.revision", "fields": {"comment": "", "date_created": "2012-03-28 15:47:04", "manager_slug": "default", "user": 1}}, {"pk": 20, "model": "reversion.revision", "fields": {"comment": "", "date_created": "2012-03-28 15:50:21", "manager_slug": "default", "user": 1}}, {"pk": 21, "model": "reversion.revision", "fields": {"comment": "", "date_created": "2012-03-28 15:51:44", "manager_slug": "default", "user": 1}}, {"pk": 22, "model": "reversion.revision", "fields": {"comment": "", "date_created": "2012-03-28 15:58:41", "manager_slug": "default", "user": 1}}, {"pk": 23, "model": "reversion.revision", "fields": {"comment": "", "date_created": "2012-03-28 15:58:55", "manager_slug": "default", "user": 1}}, {"pk": 24, "model": "reversion.revision", "fields": {"comment": "", "date_created": "2012-03-28 16:03:20", "manager_slug": "default", "user": 1}}, {"pk": 25, "model": "reversion.revision", "fields": {"comment": "", "date_created": "2012-03-28 16:03:56", "manager_slug": "default", "user": 1}}, {"pk": 26, "model": "reversion.revision", "fields": {"comment": "", "date_created": "2012-03-28 16:06:04", "manager_slug": "default", "user": 1}}, {"pk": 27, "model": "reversion.revision", "fields": {"comment": "", "date_created": "2012-03-28 16:12:01", "manager_slug": "default", "user": 1}}, {"pk": 28, "model": "reversion.revision", "fields": {"comment": "", "date_created": "2012-03-28 16:17:32", "manager_slug": "default", "user": 1}}, {"pk": 29, "model": "reversion.revision", "fields": {"comment": "", "date_created": "2012-03-28 16:23:07", "manager_slug": "default", "user": 1}}, {"pk": 30, "model": "reversion.revision", "fields": {"comment": "Deleted need.", "date_created": "2012-03-28 16:28:29", "manager_slug": "default", "user": 1}}, {"pk": 31, "model": "reversion.revision", "fields": {"comment": "", "date_created": "2012-03-28 16:31:03", "manager_slug": "default", "user": 4}}, {"pk": 32, "model": "reversion.revision", "fields": {"comment": "Deleted need.", "date_created": "2012-03-28 16:31:39", "manager_slug": "default", "user": 4}}, {"pk": 33, "model": "reversion.revision", "fields": {"comment": "", "date_created": "2012-03-28 18:08:35", "manager_slug": "default", "user": 1}}, {"pk": 34, "model": "reversion.revision", "fields": {"comment": "", "date_created": "2012-03-28 18:29:37", "manager_slug": "default", "user": 1}}, {"pk": 35, "model": "reversion.revision", "fields": {"comment": "", "date_created": "2012-03-28 18:30:58", "manager_slug": "default", "user": 1}}, {"pk": 36, "model": "reversion.revision", "fields": {"comment": "", "date_created": "2012-03-28 18:34:14", "manager_slug": "default", "user": 1}}, {"pk": 37, "model": "reversion.revision", "fields": {"comment": "", "date_created": "2012-03-28 18:36:42", "manager_slug": "default", "user": 1}}, {"pk": 38, "model": "reversion.revision", "fields": {"comment": "", "date_created": "2012-03-28 18:41:56", "manager_slug": "default", "user": 1}}, {"pk": 39, "model": "reversion.revision", "fields": {"comment": "", "date_created": "2012-03-28 19:06:45", "manager_slug": "default", "user": 4}}, {"pk": 40, "model": "reversion.revision", "fields": {"comment": "", "date_created": "2012-03-28 19:06:54", "manager_slug": "default", "user": 4}}, {"pk": 41, "model": "reversion.revision", "fields": {"comment": "", "date_created": "2012-03-28 19:07:11", "manager_slug": "default", "user": 4}}, {"pk": 42, "model": "reversion.revision", "fields": {"comment": "", "date_created": "2012-03-28 19:07:37", "manager_slug": "default", "user": 4}}, {"pk": 43, "model": "reversion.revision", "fields": {"comment": "", "date_created": "2012-03-28 19:07:48", "manager_slug": "default", "user": 4}}, {"pk": 46, "model": "reversion.revision", "fields": {"comment": "", "date_created": "2012-03-29 13:41:41", "manager_slug": "default", "user": 1}}, {"pk": 47, "model": "reversion.revision", "fields": {"comment": "", "date_created": "2012-03-29 13:54:05", "manager_slug": "default", "user": 1}}, {"pk": 48, "model": "reversion.revision", "fields": {"comment": "", "date_created": "2012-03-29 14:59:12", "manager_slug": "default", "user": 1}}, {"pk": 49, "model": "reversion.revision", "fields": {"comment": "", "date_created": "2012-03-29 14:59:51", "manager_slug": "default", "user": 1}}, {"pk": 50, "model": "reversion.revision", "fields": {"comment": "", "date_created": "2012-03-29 15:02:56", "manager_slug": "default", "user": 1}}, {"pk": 51, "model": "reversion.revision", "fields": {"comment": "", "date_created": "2012-03-29 15:03:41", "manager_slug": "default", "user": 1}}, {"pk": 52, "model": "reversion.revision", "fields": {"comment": "", "date_created": "2012-03-29 15:06:14", "manager_slug": "default", "user": 1}}, {"pk": 53, "model": "reversion.revision", "fields": {"comment": "", "date_created": "2012-03-29 15:06:49", "manager_slug": "default", "user": 1}}, {"pk": 54, "model": "reversion.revision", "fields": {"comment": "", "date_created": "2012-03-29 15:19:10", "manager_slug": "default", "user": 1}}, {"pk": 55, "model": "reversion.revision", "fields": {"comment": "", "date_created": "2012-03-29 15:29:21", "manager_slug": "default", "user": 1}}, {"pk": 56, "model": "reversion.revision", "fields": {"comment": "", "date_created": "2012-03-29 17:52:46", "manager_slug": "default", "user": 2}}, {"pk": 57, "model": "reversion.revision", "fields": {"comment": "Deleted organization branch.", "date_created": "2012-03-30 21:35:57", "manager_slug": "default", "user": 4}}, {"pk": 58, "model": "reversion.revision", "fields": {"comment": "Deleted community.", "date_created": "2012-04-02 18:21:08", "manager_slug": "default", "user": 4}}, {"pk": 59, "model": "reversion.revision", "fields": {"comment": "", "date_created": "2012-04-02 18:32:45", "manager_slug": "default", "user": 2}}, {"pk": 60, "model": "reversion.revision", "fields": {"comment": "", "date_created": "2012-04-03 14:09:17", "manager_slug": "default", "user": 2}}, {"pk": 61, "model": "reversion.revision", "fields": {"comment": "", "date_created": "2012-04-03 18:08:16", "manager_slug": "default", "user": 4}}, {"pk": 62, "model": "reversion.revision", "fields": {"comment": "", "date_created": "2012-04-03 19:05:27", "manager_slug": "default", "user": 2}}, {"pk": 63, "model": "reversion.revision", "fields": {"comment": "", "date_created": "2012-04-03 19:13:02", "manager_slug": "default", "user": 2}}, {"pk": 64, "model": "reversion.revision", "fields": {"comment": "", "date_created": "2012-04-03 22:13:34", "manager_slug": "default", "user": 2}}, {"pk": 65, "model": "reversion.revision", "fields": {"comment": "", "date_created": "2012-04-04 17:45:19", "manager_slug": "default", "user": 8}}, {"pk": 66, "model": "reversion.revision", "fields": {"comment": "", "date_created": "2012-04-05 19:07:36", "manager_slug": "default", "user": 2}}, {"pk": 67, "model": "reversion.revision", "fields": {"comment": "", "date_created": "2012-04-08 16:05:35", "manager_slug": "default", "user": 2}}, {"pk": 68, "model": "reversion.revision", "fields": {"comment": "", "date_created": "2012-04-08 16:07:39", "manager_slug": "default", "user": 2}}, {"pk": 69, "model": "reversion.revision", "fields": {"comment": "", "date_created": "2012-04-08 18:08:21", "manager_slug": "default", "user": 2}}, {"pk": 70, "model": "reversion.revision", "fields": {"comment": "", "date_created": "2012-04-08 18:12:25", "manager_slug": "default", "user": 2}}, {"pk": 71, "model": "reversion.revision", "fields": {"comment": "", "date_created": "2012-04-09 14:04:15", "manager_slug": "default", "user": 10}}, {"pk": 72, "model": "reversion.revision", "fields": {"comment": "", "date_created": "2012-04-09 14:07:30", "manager_slug": "default", "user": 11}}, {"pk": 73, "model": "reversion.revision", "fields": {"comment": "", "date_created": "2012-04-09 14:35:36", "manager_slug": "default", "user": 11}}, {"pk": 74, "model": "reversion.revision", "fields": {"comment": "", "date_created": "2012-04-09 14:36:09", "manager_slug": "default", "user": 11}}, {"pk": 1, "model": "reversion.version", "fields": {"format": "json", "object_repr": "Jardim S\u00e3o Remo", "object_id": "1", "content_type": 17, "object_id_int": 1, "type": 0, "serialized_data": "[{\"pk\": 1, \"model\": \"community.community\", \"fields\": {\"name\": \"Jardim S\\u00e3o Remo\", \"creator\": 1, \"polys\": \"MULTIPOLYGON (((-23.5626940028341672 -46.7465661709861706, -23.5624432279417171 -46.7462121193962048, -23.5621727838937787 -46.7459921782569836, -23.5619072564687393 -46.7458687966422985, -23.5616122253670923 -46.7456917708473156, -23.5613417796085898 -46.7454074566917370, -23.5610467472371248 -46.7449997609214734, -23.5602993289310803 -46.7439376061515759, -23.5602747427303676 -46.7436747496681164, -23.5602993289310803 -46.7433582490043591, -23.5604468460387828 -46.7433206980781506, -23.5606287835768313 -46.7432295029716443, -23.5608992308029705 -46.7429720109062146, -23.5611893462993969 -46.7427413409309338, -23.5615187987134540 -46.7426018660621594, -23.5617449894448221 -46.7426769679145764, -23.5618187472078091 -46.7427091544227551, -23.5620449374227938 -46.7424999421195935, -23.5622268727479032 -46.7422746365623425, -23.5624776480533420 -46.7420654242591809, -23.5627431743255826 -46.7418830340461682, -23.5630283686128266 -46.7417918389396618, -23.5632348882274627 -46.7417596524314831, -23.5633233965343507 -46.7419044917182873, -23.5631512969939898 -46.7420868819313000, -23.5628366001085467 -46.7423497384147595, -23.5627775943586215 -46.7424302046852063, -23.5629791972281630 -46.7426286881523083, -23.5631611312595091 -46.7429451888160656, -23.5633479821645722 -46.7431973164634655, -23.5635151643280558 -46.7434494441108654, -23.5636626778250289 -46.7436693852500866, -23.5628316829637328 -46.7442782466964672, -23.5630664764232982 -46.7445994412260006, -23.5632052317849165 -46.7447844298289965, -23.5633636555014405 -46.7446797398583840, -23.5634985690492833 -46.7445347329335164, -23.5635667940708444 -46.7445612197475384, -23.5637431955389260 -46.7448183765368412, -23.5639294309781491 -46.7451399063425015, -23.5636288726632337 -46.7454319318489979, -23.5638249424804016 -46.7457400506095837, -23.5626940028341672 -46.7465661709861706), (-23.5634168219047240 -46.7448066418724011, -23.5636036724461206 -46.7451016848640393, -23.5636774291656224 -46.7450694983558606, -23.5638003569394385 -46.7452733462409924, -23.5639380359095512 -46.7451338713722180, -23.5638101911563744 -46.7449568455772351, -23.5637364345114122 -46.7448173707084607, -23.5636430093683380 -46.7446564381675671, -23.5636233409087055 -46.7445867007331799, -23.5634168219047240 -46.7448066418724011)))\", \"description\": \"Jardim S\\u00e3o Remo \\u00e9 uma comunidade de baixa renda vizinha \\u00e0 Cidade Universit\\u00e1ria (USP),localizada no bairro de Butant\\u00e3 na zona oeste da cidade de S\\u00e3o Paulo.\\r\\n\\r\\nA comunidade S\\u00e3o Remo tem suas origens na entre as **d\\u00e9cadas de 60 e 70**, quando diversos trabalhadores migraram do Nordeste brasileiro com suas fam\\u00edlias para trabalhar na constru\\u00e7\\u00e3o das faculdades da Universidade de S\\u00e3o Paulo. Ap\\u00f3s a constru\\u00e7\\u00e3o das faculdades, os trabalhadores permaneceram nos alojamentos criados pela empresa que administrava as obras. Estes alojamentos se tornaram o embri\\u00e3o do que hoje \\u00e9 a comunidade. Nesta \\u00e9poca eram aproximadamente 500 fam\\u00edlias, hoje a comunidade conta com mais de **13.000 moradores**.\\r\\n\", \"lines\": null, \"creation_date\": \"2012-03-19 22:01:01\", \"geometry\": \"GEOMETRYCOLLECTION (POLYGON ((-23.5626940028341672 -46.7465661709861706, -23.5624432279417171 -46.7462121193962048, -23.5621727838937787 -46.7459921782569836, -23.5619072564687393 -46.7458687966422985, -23.5616122253670923 -46.7456917708473156, -23.5613417796085898 -46.7454074566917370, -23.5610467472371248 -46.7449997609214734, -23.5602993289310803 -46.7439376061515759, -23.5602747427303676 -46.7436747496681164, -23.5602993289310803 -46.7433582490043591, -23.5604468460387828 -46.7433206980781506, -23.5606287835768313 -46.7432295029716443, -23.5608992308029705 -46.7429720109062146, -23.5611893462993969 -46.7427413409309338, -23.5615187987134540 -46.7426018660621594, -23.5617449894448221 -46.7426769679145764, -23.5618187472078091 -46.7427091544227551, -23.5620449374227938 -46.7424999421195935, -23.5622268727479032 -46.7422746365623425, -23.5624776480533420 -46.7420654242591809, -23.5627431743255826 -46.7418830340461682, -23.5630283686128266 -46.7417918389396618, -23.5632348882274627 -46.7417596524314831, -23.5633233965343507 -46.7419044917182873, -23.5631512969939898 -46.7420868819313000, -23.5628366001085467 -46.7423497384147595, -23.5627775943586215 -46.7424302046852063, -23.5629791972281630 -46.7426286881523083, -23.5631611312595091 -46.7429451888160656, -23.5633479821645722 -46.7431973164634655, -23.5635151643280558 -46.7434494441108654, -23.5636626778250289 -46.7436693852500866, -23.5628316829637328 -46.7442782466964672, -23.5630664764232982 -46.7445994412260006, -23.5632052317849165 -46.7447844298289965, -23.5633636555014405 -46.7446797398583840, -23.5634985690492833 -46.7445347329335164, -23.5635667940708444 -46.7445612197475384, -23.5637431955389260 -46.7448183765368412, -23.5639294309781491 -46.7451399063425015, -23.5636288726632337 -46.7454319318489979, -23.5638249424804016 -46.7457400506095837, -23.5626940028341672 -46.7465661709861706), (-23.5634168219047240 -46.7448066418724011, -23.5636036724461206 -46.7451016848640393, -23.5636774291656224 -46.7450694983558606, -23.5638003569394385 -46.7452733462409924, -23.5639380359095512 -46.7451338713722180, -23.5638101911563744 -46.7449568455772351, -23.5637364345114122 -46.7448173707084607, -23.5636430093683380 -46.7446564381675671, -23.5636233409087055 -46.7445867007331799, -23.5634168219047240 -46.7448066418724011)))\", \"points\": null, \"last_update\": \"2012-03-19 22:01:01\", \"slug\": \"jardim-sao-remo\", \"population\": 13000}}]", "revision": 1}}, {"pk": 32, "model": "reversion.version", "fields": {"format": "json", "object_repr": "Teste", "object_id": "5", "content_type": 20, "object_id_int": 5, "type": 0, "serialized_data": "[{\"pk\": 5, \"model\": \"need.need\", \"fields\": {\"target_audiences\": [], \"description\": \"blah\", \"title\": \"Teste\", \"polys\": null, \"creator\": 4, \"lines\": null, \"community\": 1, \"creation_date\": \"2012-03-28 16:31:03\", \"geometry\": \"GEOMETRYCOLLECTION EMPTY\", \"points\": null, \"last_update\": \"2012-03-28 16:31:03\", \"slug\": \"teste\", \"categories\": []}}]", "revision": 31}}, {"pk": 33, "model": "reversion.version", "fields": {"format": "json", "object_repr": "Teste", "object_id": "5", "content_type": 20, "object_id_int": 5, "type": 2, "serialized_data": "[{\"pk\": 5, \"model\": \"need.need\", \"fields\": {\"target_audiences\": [1], \"description\": \"blah\", \"title\": \"Teste\", \"polys\": null, \"creator\": 4, \"lines\": null, \"community\": 1, \"creation_date\": \"2012-03-28 16:31:03\", \"geometry\": \"GEOMETRYCOLLECTION EMPTY\", \"points\": null, \"last_update\": \"2012-03-28 16:31:03\", \"slug\": \"teste\", \"categories\": [1]}}]", "revision": 32}}, {"pk": 45, "model": "reversion.version", "fields": {"format": "json", "object_repr": "Vila Nova Jaguar\u00e9", "object_id": "4", "content_type": 17, "object_id_int": 4, "type": 0, "serialized_data": "[{\"pk\": 4, \"model\": \"community.community\", \"fields\": {\"name\": \"Vila Nova Jaguar\\u00e9\", \"creator\": 1, \"polys\": \"MULTIPOLYGON (((-23.5402063589552739 -46.7430661435165575, -23.5405407819411465 -46.7425297017135790, -23.5403538986126932 -46.7422507519760302, -23.5411309380770355 -46.7413924450912646, -23.5416424045859856 -46.7410920376815966, -23.5445931340637955 -46.7414890046158007, -23.5453209704877544 -46.7415533776321581, -23.5459799540450092 -46.7416392083206347, -23.5468258086959494 -46.7420039887466601, -23.5434030144748121 -46.7426799054184130, -23.5430784345356940 -46.7423687691726855, -23.5423702573422098 -46.7420147175827196, -23.5417014198243955 -46.7418967003860644, -23.5410915944170327 -46.7420683617630175, -23.5411112662484960 -46.7424224133529833, -23.5412194612690087 -46.7427442784347704, -23.5414850304874044 -46.7430124993362597, -23.5416620763350615 -46.7431948895492724, -23.5415833893210866 -46.7435382123031786, -23.5412391330813549 -46.7435918564834765, -23.5402063589552739 -46.7430661435165575)))\", \"description\": \"A Vila Nova Jaguar\\u00e9 est\\u00e1 localizada na zona oeste de S\\u00e3o Paulo no bairro de Jaguar\\u00e9, sub-prefeitura de Lapa.\", \"lines\": null, \"creation_date\": \"2012-03-28 20:30:07\", \"geometry\": \"GEOMETRYCOLLECTION (POLYGON ((-23.5402063589552739 -46.7430661435165575, -23.5405407819411465 -46.7425297017135790, -23.5403538986126932 -46.7422507519760302, -23.5411309380770355 -46.7413924450912646, -23.5416424045859856 -46.7410920376815966, -23.5445931340637955 -46.7414890046158007, -23.5453209704877544 -46.7415533776321581, -23.5459799540450092 -46.7416392083206347, -23.5468258086959494 -46.7420039887466601, -23.5434030144748121 -46.7426799054184130, -23.5430784345356940 -46.7423687691726855, -23.5423702573422098 -46.7420147175827196, -23.5417014198243955 -46.7418967003860644, -23.5410915944170327 -46.7420683617630175, -23.5411112662484960 -46.7424224133529833, -23.5412194612690087 -46.7427442784347704, -23.5414850304874044 -46.7430124993362597, -23.5416620763350615 -46.7431948895492724, -23.5415833893210866 -46.7435382123031786, -23.5412391330813549 -46.7435918564834765, -23.5402063589552739 -46.7430661435165575)))\", \"points\": null, \"last_update\": \"2012-03-28 20:30:07\", \"slug\": \"vila-nova-jaguare\", \"population\": 12000}}]", "revision": 44}}, {"pk": 46, "model": "reversion.version", "fields": {"format": "json", "object_repr": "Vila Nova Jaguar\u00e9", "object_id": "4", "content_type": 17, "object_id_int": 4, "type": 1, "serialized_data": "[{\"pk\": 4, \"model\": \"community.community\", \"fields\": {\"name\": \"Vila Nova Jaguar\\u00e9\", \"creator\": 1, \"polys\": \"MULTIPOLYGON (((-23.5402060000000013 -46.7430659999999989, -23.5405410000000010 -46.7425299999999879, -23.5403540000000007 -46.7422510000000102, -23.5411310000000000 -46.7413920000000189, -23.5416419999999995 -46.7410919999999805, -23.5445929999999990 -46.7414890000000014, -23.5453210000000013 -46.7415530000000103, -23.5459800000000001 -46.7416389999999637, -23.5486062111931140 -46.7426262724915773, -23.5485075470423375 -46.7427917325621820, -23.5476613926387088 -46.7424636661740465, -23.5467362382843390 -46.7422152291680391, -23.5464989439100485 -46.7425552043686707, -23.5477849050941508 -46.7430527645569214, -23.5477965782193692 -46.7433555215035312, -23.5475131885905427 -46.7437870244827991, -23.5467300267944637 -46.7444569113922626, -23.5456751400312179 -46.7444019365234453, -23.5440472910728964 -46.7441149609909417, -23.5437602049692636 -46.7439744828977837, -23.5435518041220888 -46.7436623434276726, -23.5434104025304762 -46.7433599295692375, -23.5434423429684934 -46.7427121865081858, -23.5430780000000013 -46.7423689999999965, -23.5423699999999982 -46.7420150000000376, -23.5417009999999998 -46.7418969999999945, -23.5410919999999990 -46.7420680000000175, -23.5411110000000008 -46.7424220000000332, -23.5412190000000017 -46.7427440000000161, -23.5414850000000015 -46.7430120000000215, -23.5416619999999988 -46.7431950000000143, -23.5415829999999993 -46.7435380000000009, -23.5412390000000009 -46.7435920000000351, -23.5402060000000013 -46.7430659999999989)))\", \"description\": \"A Vila Nova Jaguar\\u00e9 est\\u00e1 localizada na zona oeste de S\\u00e3o Paulo no bairro de Jaguar\\u00e9, sub-prefeitura de Lapa.\", \"lines\": null, \"creation_date\": \"2012-03-28 20:30:07\", \"geometry\": \"GEOMETRYCOLLECTION (POLYGON ((-23.5402060000000013 -46.7430659999999989, -23.5405410000000010 -46.7425299999999879, -23.5403540000000007 -46.7422510000000102, -23.5411310000000000 -46.7413920000000189, -23.5416419999999995 -46.7410919999999805, -23.5445929999999990 -46.7414890000000014, -23.5453210000000013 -46.7415530000000103, -23.5459800000000001 -46.7416389999999637, -23.5486062111931140 -46.7426262724915773, -23.5485075470423375 -46.7427917325621820, -23.5476613926387088 -46.7424636661740465, -23.5467362382843390 -46.7422152291680391, -23.5464989439100485 -46.7425552043686707, -23.5477849050941508 -46.7430527645569214, -23.5477965782193692 -46.7433555215035312, -23.5475131885905427 -46.7437870244827991, -23.5467300267944637 -46.7444569113922626, -23.5456751400312179 -46.7444019365234453, -23.5440472910728964 -46.7441149609909417, -23.5437602049692636 -46.7439744828977837, -23.5435518041220888 -46.7436623434276726, -23.5434104025304762 -46.7433599295692375, -23.5434423429684934 -46.7427121865081858, -23.5430780000000013 -46.7423689999999965, -23.5423699999999982 -46.7420150000000376, -23.5417009999999998 -46.7418969999999945, -23.5410919999999990 -46.7420680000000175, -23.5411110000000008 -46.7424220000000332, -23.5412190000000017 -46.7427440000000161, -23.5414850000000015 -46.7430120000000215, -23.5416619999999988 -46.7431950000000143, -23.5415829999999993 -46.7435380000000009, -23.5412390000000009 -46.7435920000000351, -23.5402060000000013 -46.7430659999999989)))\", \"points\": null, \"last_update\": \"2012-03-28 20:48:32\", \"slug\": \"vila-nova-jaguare\", \"population\": 12000}}]", "revision": 45}}, {"pk": 2, "model": "reversion.version", "fields": {"format": "json", "object_repr": "Campo de Futebol", "object_id": "1", "content_type": 25, "object_id_int": 1, "type": 1, "serialized_data": "[{\"pk\": 1, \"model\": \"komoo_resource.resource\", \"fields\": {\"kind\": 1, \"name\": \"Campo de Futebol\", \"creator\": 1, \"polys\": \"MULTIPOLYGON (((-23.5609853927552990 -46.7436560624961999, -23.5607296973780791 -46.7432161802177575, -23.5613935208840672 -46.7427119249229577, -23.5616590493473659 -46.7431571716194298, -23.5609853927552990 -46.7436560624961999)))\", \"lines\": null, \"community\": 1, \"creation_date\": \"2012-03-21 15:04:58\", \"geometry\": \"GEOMETRYCOLLECTION (POLYGON ((-23.5609853927552990 -46.7436560624961999, -23.5607296973780791 -46.7432161802177575, -23.5613935208840672 -46.7427119249229577, -23.5616590493473659 -46.7431571716194298, -23.5609853927552990 -46.7436560624961999)))\", \"points\": null, \"last_update\": \"2012-03-21 15:04:58\", \"description\": \"Campo de terra localizado na Rua Aquian\\u00e9s.\\r\\nUsado pela escolinha de futebol da S\\u00e3o Remo e por crian\\u00e7as jovens e adultos da comunidade como \\u00e0rea de lazer.\\r\\nUm dos locais dos Jogos da Cidade de S\\u00e3o Paulo, o campo \\u00e9 usado para v\\u00e1rios jogos amadores municipais. O maior evento de futebol do ano \\u00e9 a Copa da S\\u00e3o Remo.\\r\\nNos finais de semana muitas vezes h\\u00e1 jogos que atraem n\\u00e3o somente os moradores da S\\u00e3o Remo. Nestes eventos falta uma infra-estrutura adequada: o campo n\\u00e3o possui um arquibancada para os espectadores assistirem os jogos e n\\u00e3o h\\u00e1 espa\\u00e7o na rua para os carros estacionarem.\\r\\n\"}}]", "revision": 2}}, {"pk": 3, "model": "reversion.version", "fields": {"format": "json", "object_repr": "Quadra", "object_id": "2", "content_type": 25, "object_id_int": 2, "type": 1, "serialized_data": "[{\"pk\": 2, \"model\": \"komoo_resource.resource\", \"fields\": {\"kind\": 1, \"name\": \"Quadra\", \"creator\": 1, \"polys\": \"MULTIPOLYGON (((-23.5620413602200180 -46.7429144317035821, -23.5618913863125563 -46.7427119249229577, -23.5620290672832269 -46.7425979310398247, -23.5621728945717130 -46.7427964145069268, -23.5620413602200180 -46.7429144317035821)))\", \"lines\": null, \"community\": 1, \"creation_date\": \"2012-03-21 16:50:38\", \"geometry\": \"GEOMETRYCOLLECTION (POLYGON ((-23.5620413602200180 -46.7429144317035821, -23.5618913863125563 -46.7427119249229577, -23.5620290672832269 -46.7425979310398247, -23.5621728945717130 -46.7427964145069268, -23.5620413602200180 -46.7429144317035821)))\", \"points\": null, \"last_update\": \"2012-03-21 16:50:38\", \"description\": \"A quadra \\u00e9 localizada na rua Aquian\\u00e9s entre o espa\\u00e7o do Circo Escola e o campo de futebol. \\u00c9 usada como espa\\u00e7o de lazer e atividades esportivas por crian\\u00e7as e adolescentes da comunidade. Fora da utiliza\\u00e7\\u00e3o di\\u00e1ria serve como espa\\u00e7o para bailes e festas como a festa junina da S\\u00e3o Remo. O estado da quadra \\u00e9 prec\\u00e1rio: h\\u00e1 buracos no concreto, no fundo tem um muro que separa a comunidade com a Cidade Universit\\u00e1ria com v\\u00e1rios buracos grandes.N\\u00e3o h\\u00e1 pessoas que se responsabilizam pela limpeza e a manuten\\u00e7\\u00e3o do espa\\u00e7o. V\\u00e1rias tentativas de melhoria da quadra do Projeto Alavanca junto com o Esporte Solid\\u00e1rio e a Associa\\u00e7\\u00e3o de Moradores n\\u00e3o foram para frente. \"}}]", "revision": 3}}, {"pk": 4, "model": "reversion.version", "fields": {"format": "json", "object_repr": "Quadra", "object_id": "2", "content_type": 25, "object_id_int": 2, "type": 1, "serialized_data": "[{\"pk\": 2, \"model\": \"komoo_resource.resource\", \"fields\": {\"kind\": 1, \"name\": \"Quadra\", \"creator\": 1, \"polys\": \"MULTIPOLYGON (((-23.5620413602200180 -46.7429144317035821, -23.5618913863125563 -46.7427119249229577, -23.5620290672832269 -46.7425979310398247, -23.5621728945717130 -46.7427964145069268, -23.5620413602200180 -46.7429144317035821)))\", \"lines\": null, \"community\": 1, \"creation_date\": \"2012-03-21 16:50:38\", \"geometry\": \"GEOMETRYCOLLECTION (POLYGON ((-23.5620413602200180 -46.7429144317035821, -23.5618913863125563 -46.7427119249229577, -23.5620290672832269 -46.7425979310398247, -23.5621728945717130 -46.7427964145069268, -23.5620413602200180 -46.7429144317035821)))\", \"points\": null, \"last_update\": \"2012-03-21 16:52:01\", \"description\": \"A quadra \\u00e9 localizada na rua Aquian\\u00e9s entre o espa\\u00e7o do Circo Escola e o campo de futebol. \\u00c9 usada como espa\\u00e7o de lazer e atividades esportivas por crian\\u00e7as e adolescentes da comunidade. Fora da utiliza\\u00e7\\u00e3o di\\u00e1ria serve como espa\\u00e7o para bailes e festas como a festa junina da S\\u00e3o Remo. O estado da quadra \\u00e9 prec\\u00e1rio: h\\u00e1 buracos no concreto, no fundo tem um muro que separa a comunidade com a Cidade Universit\\u00e1ria com v\\u00e1rios buracos grandes.N\\u00e3o h\\u00e1 pessoas que se responsabilizam pela limpeza e a manuten\\u00e7\\u00e3o do espa\\u00e7o. V\\u00e1rias tentativas de melhoria da quadra do Projeto Alavanca junto com o Esporte Solid\\u00e1rio e a Associa\\u00e7\\u00e3o de Moradores n\\u00e3o foram para frente. \"}}]", "revision": 4}}, {"pk": 5, "model": "reversion.version", "fields": {"format": "json", "object_repr": "Quadra", "object_id": "2", "content_type": 25, "object_id_int": 2, "type": 1, "serialized_data": "[{\"pk\": 2, \"model\": \"komoo_resource.resource\", \"fields\": {\"kind\": 1, \"name\": \"Quadra\", \"creator\": 1, \"polys\": \"MULTIPOLYGON (((-23.5620413602200180 -46.7429144317035821, -23.5618913863125563 -46.7427119249229577, -23.5620290672832269 -46.7425979310398247, -23.5621728945717130 -46.7427964145069268, -23.5620413602200180 -46.7429144317035821)))\", \"lines\": null, \"community\": 1, \"creation_date\": \"2012-03-21 16:50:38\", \"geometry\": \"GEOMETRYCOLLECTION (POLYGON ((-23.5620413602200180 -46.7429144317035821, -23.5618913863125563 -46.7427119249229577, -23.5620290672832269 -46.7425979310398247, -23.5621728945717130 -46.7427964145069268, -23.5620413602200180 -46.7429144317035821)))\", \"points\": null, \"last_update\": \"2012-03-21 16:52:39\", \"description\": \"A quadra \\u00e9 localizada na rua Aquian\\u00e9s entre o espa\\u00e7o do Circo Escola e o campo de futebol. \\u00c9 usada como espa\\u00e7o de lazer e atividades esportivas por crian\\u00e7as e adolescentes da comunidade. Fora da utiliza\\u00e7\\u00e3o di\\u00e1ria serve como espa\\u00e7o para bailes e festas como a festa junina da S\\u00e3o Remo. O estado da quadra \\u00e9 prec\\u00e1rio: h\\u00e1 buracos no concreto, no fundo tem um muro que separa a comunidade com a Cidade Universit\\u00e1ria com v\\u00e1rios buracos grandes.N\\u00e3o h\\u00e1 pessoas que se responsabilizam pela limpeza e a manuten\\u00e7\\u00e3o do espa\\u00e7o. V\\u00e1rias tentativas de melhoria da quadra do Projeto Alavanca junto com o Esporte Solid\\u00e1rio e a Associa\\u00e7\\u00e3o de Moradores n\\u00e3o foram para frente. \"}}]", "revision": 5}}, {"pk": 14, "model": "reversion.version", "fields": {"format": "json", "object_repr": "Circo Escola S\u00e3o Remo", "object_id": "1", "content_type": 26, "object_id_int": 1, "type": 1, "serialized_data": "[{\"pk\": 1, \"model\": \"organization.organization\", \"fields\": {\"name\": \"Circo Escola S\\u00e3o Remo\", \"creator\": 1, \"polys\": \"MULTIPOLYGON (((-23.5631202348988396 -46.7420813763046112, -23.5630022236272403 -46.7418721640014496, -23.5628743779633787 -46.7418560707473603, -23.5627465321751188 -46.7419097149276581, -23.5626137691094684 -46.7420116388702240, -23.5624072485184648 -46.7421564781570282, -23.5622154791075502 -46.7423066818618622, -23.5620482952901682 -46.7425373518371430, -23.5622548164454280 -46.7428109371566620, -23.5623998727770569 -46.7426808500194397, -23.5624859230676051 -46.7426044070625153, -23.5628006207930305 -46.7423536205196228, -23.5629678036530521 -46.7422121339940873, -23.5631202348988396 -46.7420813763046112)))\", \"lines\": null, \"community\": [1], \"creation_date\": \"2012-03-22 19:13:57\", \"geometry\": \"GEOMETRYCOLLECTION (POLYGON ((-23.5631202348988396 -46.7420813763046112, -23.5630022236272403 -46.7418721640014496, -23.5628743779633787 -46.7418560707473603, -23.5627465321751188 -46.7419097149276581, -23.5626137691094684 -46.7420116388702240, -23.5624072485184648 -46.7421564781570282, -23.5622154791075502 -46.7423066818618622, -23.5620482952901682 -46.7425373518371430, -23.5622548164454280 -46.7428109371566620, -23.5623998727770569 -46.7426808500194397, -23.5624859230676051 -46.7426044070625153, -23.5628006207930305 -46.7423536205196228, -23.5629678036530521 -46.7422121339940873, -23.5631202348988396 -46.7420813763046112)))\", \"points\": null, \"slug\": \"circo-escola-sao-remo\", \"description\": \"O [Circo Escola S\\u00e3o Remo](http://iccsp.wordpress.com/tag/circo-escola-sao-remo/ \\\"Circo Escola S\\u00e3o Remo\\\") atende adolescentes e jovens da comunidade Jardim S\\u00e3o Remo. Ele trabalha com educa\\u00e7\\u00e3o/promo\\u00e7\\u00e3o de crian\\u00e7as, jovens e adolescentes e que t\\u00eam como perspectiva mais geral o trabalho educativo de integra\\u00e7\\u00e3o dos exclu\\u00eddos, o exerc\\u00edcio da cidadania e o resgate das ra\\u00edzes culturais. Ele privilegia linguagens art\\u00edsticas (teatro, dan\\u00e7a, m\\u00fasica e circo) como instrumento de aproxima\\u00e7\\u00e3o/motiva\\u00e7\\u00e3o dos grupos com que trabalha e tamb\\u00e9m como um poss\\u00edvel campo de profissionaliza\\u00e7\\u00e3o. \\r\\n\\r\\nEle \\u00e9 um espa\\u00e7o administrado pelo [Instituto Crian\\u00e7a Cidad\\u00e3](http://www.iccsp.org.br/ \\\"Instituto Crian\\u00e7a Cidad\\u00e3\\\") que faz parte da [\\\"Rede Circo do Mundo Brasil\\u201d](http://www.circodomundo.org/CIRCO_DO_MUNDO_BRASIL/index.php \\\"Rede Circo Mundo Brasil\\\").\"}}]", "revision": 13}}, {"pk": 6, "model": "reversion.version", "fields": {"format": "json", "object_repr": "Real Parque", "object_id": "2", "content_type": 17, "object_id_int": 2, "type": 0, "serialized_data": "[{\"pk\": 2, \"model\": \"community.community\", \"fields\": {\"name\": \"Real Parque\", \"creator\": 2, \"polys\": \"MULTIPOLYGON (((-23.6055051029359859 -46.6990023677062709, -23.6049938851162757 -46.7027360026550014, -23.6026343924266229 -46.7057829920959193, -23.6014939557401391 -46.7082720820617396, -23.6037354942988493 -46.7110186640929896, -23.6079038676227704 -46.7120057170104701, -23.6107744627521470 -46.7123919551086146, -23.6134877072058522 -46.7121344630431850, -23.6158076832777013 -46.7122632090758998, -23.6169086745006069 -46.7077141825866420, -23.6170266372972719 -46.7036372248840053, -23.6167513906065381 -46.7021781031799037, -23.6135663511350167 -46.7011910502624232, -23.6105778486527598 -46.7004185740661342, -23.6054657785590898 -46.6994315211486537, -23.6055051029359859 -46.6990023677062709)))\", \"description\": \"Fica do lado da marginal. O Casulo trabalha ali.\", \"lines\": null, \"creation_date\": \"2012-03-22 12:39:23\", \"geometry\": \"GEOMETRYCOLLECTION (POLYGON ((-23.6055051029359859 -46.6990023677062709, -23.6049938851162757 -46.7027360026550014, -23.6026343924266229 -46.7057829920959193, -23.6014939557401391 -46.7082720820617396, -23.6037354942988493 -46.7110186640929896, -23.6079038676227704 -46.7120057170104701, -23.6107744627521470 -46.7123919551086146, -23.6134877072058522 -46.7121344630431850, -23.6158076832777013 -46.7122632090758998, -23.6169086745006069 -46.7077141825866420, -23.6170266372972719 -46.7036372248840053, -23.6167513906065381 -46.7021781031799037, -23.6135663511350167 -46.7011910502624232, -23.6105778486527598 -46.7004185740661342, -23.6054657785590898 -46.6994315211486537, -23.6055051029359859 -46.6990023677062709)))\", \"points\": null, \"last_update\": \"2012-03-22 12:39:23\", \"slug\": \"real-parque\", \"population\": 123000}}]", "revision": 6}}, {"pk": 7, "model": "reversion.version", "fields": {"format": "json", "object_repr": "Escola de Ensino Medio", "object_id": "1", "content_type": 20, "object_id_int": 1, "type": 0, "serialized_data": "[{\"pk\": 1, \"model\": \"need.need\", \"fields\": {\"target_audiences\": [], \"description\": \"Falta escola\", \"title\": \"Escola de Ensino Medio\", \"polys\": null, \"creator\": 2, \"lines\": null, \"community\": 2, \"creation_date\": \"2012-03-22 12:55:19\", \"geometry\": \"GEOMETRYCOLLECTION EMPTY\", \"points\": null, \"last_update\": \"2012-03-22 12:55:19\", \"slug\": \"escola-de-ensino-medio\", \"categories\": []}}]", "revision": 7}}, {"pk": 8, "model": "reversion.version", "fields": {"format": "json", "object_repr": "Ratos na rua", "object_id": "2", "content_type": 20, "object_id_int": 2, "type": 0, "serialized_data": "[{\"pk\": 2, \"model\": \"need.need\", \"fields\": {\"target_audiences\": [], \"description\": \"foram vistos dois ratos mordendo o p\\u00e9 da dani\", \"title\": \"Ratos na rua\", \"polys\": \"MULTIPOLYGON (((-23.5619098257366382 -46.7455684775238183, -23.5623228681578496 -46.7454397314911034, -23.5620868440761484 -46.7451232308273461, -23.5619098257366382 -46.7455684775238183)))\", \"creator\": 1, \"lines\": null, \"community\": 1, \"creation_date\": \"2012-03-22 15:12:08\", \"geometry\": \"GEOMETRYCOLLECTION (POLYGON ((-23.5619098257366382 -46.7455684775238183, -23.5623228681578496 -46.7454397314911034, -23.5620868440761484 -46.7451232308273461, -23.5619098257366382 -46.7455684775238183)))\", \"points\": null, \"last_update\": \"2012-03-22 15:12:08\", \"slug\": \"ratos-na-rua\", \"categories\": []}}]", "revision": 8}}, {"pk": 9, "model": "reversion.version", "fields": {"format": "json", "object_repr": "colocar ratoeira", "object_id": "1", "content_type": 21, "object_id_int": 1, "type": 0, "serialized_data": "[{\"pk\": 1, \"model\": \"proposal.proposal\", \"fields\": {\"description\": \"pendurar uma ratoeira no p\\u00e9 da lea\", \"title\": \"colocar ratoeira\", \"creator\": 1, \"number\": 1, \"realizers\": [], \"last_update\": \"2012-03-22 15:13:01\", \"report\": \"\", \"cost\": \"2.50\", \"need\": 2, \"creation_date\": \"2012-03-22 15:13:01\"}}]", "revision": 9}}, {"pk": 10, "model": "reversion.version", "fields": {"format": "json", "object_repr": "Ratos na rua", "object_id": "2", "content_type": 20, "object_id_int": 2, "type": 1, "serialized_data": "[{\"pk\": 2, \"model\": \"need.need\", \"fields\": {\"target_audiences\": [14], \"description\": \"foram vistos dois ratos mordendo o p\\u00e9 da dani\\r\\n\\r\\nMUITOS RATOS!!!\", \"title\": \"Ratos na rua\", \"polys\": \"MULTIPOLYGON (((-23.5619098257366382 -46.7455684775238183, -23.5623228681578496 -46.7454397314911034, -23.5620868440761484 -46.7451232308273461, -23.5619098257366382 -46.7455684775238183)))\", \"creator\": 1, \"lines\": null, \"community\": 1, \"creation_date\": \"2012-03-22 15:12:08\", \"geometry\": \"GEOMETRYCOLLECTION (POLYGON ((-23.5619098257366382 -46.7455684775238183, -23.5623228681578496 -46.7454397314911034, -23.5620868440761484 -46.7451232308273461, -23.5619098257366382 -46.7455684775238183)))\", \"points\": null, \"last_update\": \"2012-03-22 18:53:26\", \"slug\": \"ratos-na-rua\", \"categories\": [3, 4]}}]", "revision": 10}}, {"pk": 11, "model": "reversion.version", "fields": {"format": "json", "object_repr": "colocar ratoeira", "object_id": "1", "content_type": 21, "object_id_int": 1, "type": 2, "serialized_data": "[{\"pk\": 1, \"model\": \"proposal.proposal\", \"fields\": {\"description\": \"pendurar uma ratoeira no p\\u00e9 da lea\", \"title\": \"colocar ratoeira\", \"creator\": 1, \"number\": 1, \"realizers\": [], \"last_update\": \"2012-03-22 15:13:01\", \"report\": \"\", \"cost\": \"2.50\", \"need\": 2, \"creation_date\": \"2012-03-22 15:13:01\"}}]", "revision": 11}}, {"pk": 12, "model": "reversion.version", "fields": {"format": "json", "object_repr": "Ratos na rua", "object_id": "2", "content_type": 20, "object_id_int": 2, "type": 2, "serialized_data": "[{\"pk\": 2, \"model\": \"need.need\", \"fields\": {\"target_audiences\": [14], \"description\": \"foram vistos dois ratos mordendo o p\\u00e9 da dani\\r\\n\\r\\nMUITOS RATOS!!!\", \"title\": \"Ratos na rua\", \"polys\": \"MULTIPOLYGON (((-23.5619098257366382 -46.7455684775238183, -23.5623228681578496 -46.7454397314911034, -23.5620868440761484 -46.7451232308273461, -23.5619098257366382 -46.7455684775238183)))\", \"creator\": 1, \"lines\": null, \"community\": 1, \"creation_date\": \"2012-03-22 15:12:08\", \"geometry\": \"GEOMETRYCOLLECTION (POLYGON ((-23.5619098257366382 -46.7455684775238183, -23.5623228681578496 -46.7454397314911034, -23.5620868440761484 -46.7451232308273461, -23.5619098257366382 -46.7455684775238183)))\", \"points\": null, \"last_update\": \"2012-03-22 18:53:26\", \"slug\": \"ratos-na-rua\", \"categories\": [3, 4]}}]", "revision": 11}}, {"pk": 13, "model": "reversion.version", "fields": {"format": "json", "object_repr": "Circo Escola S\u00e3o Remo", "object_id": "1", "content_type": 26, "object_id_int": 1, "type": 1, "serialized_data": "[{\"pk\": 1, \"model\": \"organization.organization\", \"fields\": {\"name\": \"Circo Escola S\\u00e3o Remo\", \"creator\": 1, \"polys\": \"MULTIPOLYGON (((-23.5631202348988396 -46.7420813763046112, -23.5630022236272403 -46.7418721640014496, -23.5628743779633787 -46.7418560707473603, -23.5627465321751188 -46.7419097149276581, -23.5626137691094684 -46.7420116388702240, -23.5624072485184648 -46.7421564781570282, -23.5622154791075502 -46.7423066818618622, -23.5620482952901682 -46.7425373518371430, -23.5622548164454280 -46.7428109371566620, -23.5623998727770569 -46.7426808500194397, -23.5624859230676051 -46.7426044070625153, -23.5628006207930305 -46.7423536205196228, -23.5629678036530521 -46.7422121339940873, -23.5631202348988396 -46.7420813763046112)))\", \"lines\": null, \"community\": [1], \"creation_date\": \"2012-03-22 19:13:57\", \"geometry\": \"GEOMETRYCOLLECTION (POLYGON ((-23.5631202348988396 -46.7420813763046112, -23.5630022236272403 -46.7418721640014496, -23.5628743779633787 -46.7418560707473603, -23.5627465321751188 -46.7419097149276581, -23.5626137691094684 -46.7420116388702240, -23.5624072485184648 -46.7421564781570282, -23.5622154791075502 -46.7423066818618622, -23.5620482952901682 -46.7425373518371430, -23.5622548164454280 -46.7428109371566620, -23.5623998727770569 -46.7426808500194397, -23.5624859230676051 -46.7426044070625153, -23.5628006207930305 -46.7423536205196228, -23.5629678036530521 -46.7422121339940873, -23.5631202348988396 -46.7420813763046112)))\", \"points\": null, \"slug\": \"circo-escola-sao-remo\", \"description\": \"O [Circo Escola S\\u00e3o Remo](http://iccsp.wordpress.com/tag/circo-escola-sao-remo/ \\\"Circo Escola S\\u00e3o Remo\\\") atende adolescentes e jovens da comunidade Jardim S\\u00e3o Remo. Ele trabalha com educa\\u00e7\\u00e3o/promo\\u00e7\\u00e3o de crian\\u00e7as, jovens e adolescentes e que t\\u00eam como perspectiva mais geral o trabalho educativo de integra\\u00e7\\u00e3o dos exclu\\u00eddos, o exerc\\u00edcio da cidadania e o resgate das ra\\u00edzes culturais. Ele privilegia linguagens art\\u00edsticas (teatro, dan\\u00e7a, m\\u00fasica e circo) como instrumento de aproxima\\u00e7\\u00e3o/motiva\\u00e7\\u00e3o dos grupos com que trabalha e tamb\\u00e9m como um poss\\u00edvel campo de profissionaliza\\u00e7\\u00e3o. \\r\\n\\r\\nEle \\u00e9 um espa\\u00e7o administrado pelo [Instituto Crian\\u00e7a Cidad\\u00e3](http://www.iccsp.org.br/ \\\"Instituto Crian\\u00e7a Cidad\\u00e3\\\") que faz parte da [Your text to link here...](http://www.circodomundo.org/CIRCO_DO_MUNDO_BRASIL/index.php \\\"Rede Circo Mundo Brasil\\\")\\\"Rede Circo do Mundo Brasil\\u201d.\"}}]", "revision": 12}}, {"pk": 26, "model": "reversion.version", "fields": {"format": "json", "object_repr": "Kombi do Projeto Alavanca Brasil", "object_id": "3", "content_type": 25, "object_id_int": 3, "type": 1, "serialized_data": "[{\"pk\": 3, \"model\": \"komoo_resource.resource\", \"fields\": {\"kind\": 4, \"name\": \"Kombi do Projeto Alavanca Brasil\", \"creator\": 1, \"polys\": null, \"lines\": null, \"community\": 1, \"creation_date\": \"2012-03-28 16:03:19\", \"geometry\": \"GEOMETRYCOLLECTION (POINT (-23.5617311106424729 -46.7433484221248818))\", \"points\": \"MULTIPOINT (-23.5617311106424729 -46.7433484221248818)\", \"last_update\": \"2012-03-28 16:03:55\", \"description\": \"O Projeto Alavanca possui uma Kombi que pode ser emprestada ou alugada pela comunidade referente atividades desenvolvidas em prol da comunidade. Para ver a disponibilidade, entre em contato com o Projeto Alavanca no n\\u00famero (11) 3766 4423.\"}}]", "revision": 25}}, {"pk": 15, "model": "reversion.version", "fields": {"format": "json", "object_repr": "Associa\u00e7\u00e3o S\u00f3cio-Educativa e Cultural Projeto Alavanca Brasil", "object_id": "2", "content_type": 26, "object_id_int": 2, "type": 1, "serialized_data": "[{\"pk\": 2, \"model\": \"organization.organization\", \"fields\": {\"name\": \"Associa\\u00e7\\u00e3o S\\u00f3cio-Educativa e Cultural Projeto Alavanca Brasil\", \"creator\": 1, \"polys\": \"MULTIPOLYGON (((-23.5617893547858479 -46.7434978121643212, -23.5618213164774382 -46.7434736722831872, -23.5617377243445567 -46.7433596784000542, -23.5617057626326343 -46.7433918649082329, -23.5617893547858479 -46.7434978121643212)))\", \"lines\": null, \"community\": [1], \"creation_date\": \"2012-03-22 19:22:39\", \"geometry\": \"GEOMETRYCOLLECTION (POLYGON ((-23.5617893547858479 -46.7434978121643212, -23.5618213164774382 -46.7434736722831872, -23.5617377243445567 -46.7433596784000542, -23.5617057626326343 -46.7433918649082329, -23.5617893547858479 -46.7434978121643212)))\", \"points\": null, \"slug\": \"associacao-socio-educativa-e-cultural-projeto-alavanca-brasil\", \"description\": \"O [Projeto Alavanca Brasil](http://www.projeto-alavanca.org \\\"Projeto Alavanca Brasil\\\")  \\u00e9 uma organiza\\u00e7\\u00e3o Social sem fins lucrativos. Atua na \\u00e1rea do desenvolvimento comunit\\u00e1rio atrav\\u00e9s da educa\\u00e7\\u00e3o, cultura e lazer. T\\u00eam como objetivo fomentar o desenvolvimento educacional,pessoal e social de crian\\u00e7as, jovens e fam\\u00edlias das comunidades do Jardim S\\u00e3o Remo, localizada no Bairro do Butant\\u00e3, Zona Oeste de S\\u00e3o Paulo.\\r\\nO Projeto Alavanca atua em dois eixos educa\\u00e7\\u00e3o e a\\u00e7\\u00f5es comunit\\u00e1rias, com crian\\u00e7as a partir dos seis anos de idade, jovens e adultos, promovendo atividades de educa\\u00e7\\u00e3o integral, e capacidade de an\\u00e1lise cr\\u00edtica, fortalecendo-os como protagonistas e buscando melhorias para a Comunidade S\\u00e3o Remo]]. O Projeto busca se articular com os diversos atores sociais da comunidade para responder \\u00e0s necessidades de sua popula\\u00e7\\u00e3o, tendo como base o princ\\u00edpio do desenvolvimento integral dos indiv\\u00edduos. Al\\u00e9m das pr\\u00f3prias atividades, o Projeto Alavanca deu in\\u00edcio as suas atividades em agosto de 2004, no entanto sua funda\\u00e7\\u00e3o em maio de 2005.\"}}]", "revision": 14}}, {"pk": 16, "model": "reversion.version", "fields": {"format": "json", "object_repr": "comunidade", "object_id": "3", "content_type": 17, "object_id_int": 3, "type": 0, "serialized_data": "[{\"pk\": 3, \"model\": \"community.community\", \"fields\": {\"name\": \"comunidade\", \"creator\": 1, \"polys\": \"MULTIPOLYGON (((-23.5488572408417731 -46.6374529556114794, -23.5489260881728519 -46.6367716745216967, -23.5493785125944086 -46.6370506242592455, -23.5493342537523098 -46.6375012353737475, -23.5488572408417731 -46.6374529556114794)))\", \"description\": \"jckjsdh\", \"lines\": null, \"creation_date\": \"2012-03-23 14:29:24\", \"geometry\": \"GEOMETRYCOLLECTION (POLYGON ((-23.5488572408417731 -46.6374529556114794, -23.5489260881728519 -46.6367716745216967, -23.5493785125944086 -46.6370506242592455, -23.5493342537523098 -46.6375012353737475, -23.5488572408417731 -46.6374529556114794)))\", \"points\": null, \"last_update\": \"2012-03-23 14:29:24\", \"slug\": \"comunidade\", \"population\": 100000}}]", "revision": 15}}, {"pk": 17, "model": "reversion.version", "fields": {"format": "json", "object_repr": "Jardim S\u00e3o Remo", "object_id": "1", "content_type": 17, "object_id_int": 1, "type": 1, "serialized_data": "[{\"pk\": 1, \"model\": \"community.community\", \"fields\": {\"name\": \"Jardim S\\u00e3o Remo\", \"creator\": 1, \"polys\": \"MULTIPOLYGON (((-23.5626940000000005 -46.7465660000000298, -23.5624429999999982 -46.7462120000000141, -23.5621730000000014 -46.7459920000000011, -23.5619070000000015 -46.7458689999999706, -23.5616120000000002 -46.7456919999999627, -23.5613419999999998 -46.7454070000000002, -23.5610469999999985 -46.7450000000000045, -23.5602990000000005 -46.7439380000000142, -23.5602750000000007 -46.7436749999999961, -23.5602990000000005 -46.7433580000000006, -23.5604469999999999 -46.7433210000000372, -23.5606289999999987 -46.7432299999999827, -23.5608989999999991 -46.7429720000000088, -23.5611889999999988 -46.7427410000000236, -23.5615190000000005 -46.7426020000000335, -23.5617449999999984 -46.7426770000000147, -23.5618189999999998 -46.7427089999999907, -23.5620450000000012 -46.7425000000000068, -23.5622270000000000 -46.7422750000000065, -23.5624779999999987 -46.7420650000000251, -23.5627430000000011 -46.7418830000000298, -23.5630279999999992 -46.7417920000000322, -23.5632349999999988 -46.7417599999999993, -23.5633230000000005 -46.7419039999999768, -23.5631510000000013 -46.7420869999999695, -23.5628369999999983 -46.7423499999999876, -23.5627780000000016 -46.7424300000000130, -23.5629789999999986 -46.7426289999999653, -23.5631610000000009 -46.7429449999999633, -23.5633480000000013 -46.7431970000000092, -23.5635149999999989 -46.7434489999999983, -23.5636629999999982 -46.7436690000000112, -23.5628320000000002 -46.7442780000000084, -23.5630659999999992 -46.7445989999999938, -23.5632050000000000 -46.7447839999999815, -23.5633640000000000 -46.7446800000000167, -23.5635137513589790 -46.7445940085983693, -23.5635669999999990 -46.7445609999999760, -23.5636790775440623 -46.7447294871025179, -23.5638114144940118 -46.7449307202376758, -23.5639290000000017 -46.7451399999999921, -23.5636289999999988 -46.7454319999999939, -23.5638250000000014 -46.7457400000000121, -23.5626940000000005 -46.7465660000000298)))\", \"description\": \"Jardim S\\u00e3o Remo \\u00e9 uma comunidade de baixa renda vizinha \\u00e0 Cidade Universit\\u00e1ria (USP),localizada no bairro de Butant\\u00e3 na zona oeste da cidade de S\\u00e3o Paulo.\\r\\n\\r\\nA comunidade S\\u00e3o Remo tem suas origens na entre as **d\\u00e9cadas de 60 e 70**, quando diversos trabalhadores migraram do Nordeste brasileiro com suas fam\\u00edlias para trabalhar na constru\\u00e7\\u00e3o das faculdades da Universidade de S\\u00e3o Paulo. Ap\\u00f3s a constru\\u00e7\\u00e3o das faculdades, os trabalhadores permaneceram nos alojamentos criados pela empresa que administrava as obras. Estes alojamentos se tornaram o embri\\u00e3o do que hoje \\u00e9 a comunidade. Nesta \\u00e9poca eram aproximadamente 500 fam\\u00edlias, hoje a comunidade conta com mais de **13.000 moradores**.\\r\\n\", \"lines\": null, \"creation_date\": \"2012-03-19 22:01:01\", \"geometry\": \"GEOMETRYCOLLECTION (POLYGON ((-23.5626940000000005 -46.7465660000000298, -23.5624429999999982 -46.7462120000000141, -23.5621730000000014 -46.7459920000000011, -23.5619070000000015 -46.7458689999999706, -23.5616120000000002 -46.7456919999999627, -23.5613419999999998 -46.7454070000000002, -23.5610469999999985 -46.7450000000000045, -23.5602990000000005 -46.7439380000000142, -23.5602750000000007 -46.7436749999999961, -23.5602990000000005 -46.7433580000000006, -23.5604469999999999 -46.7433210000000372, -23.5606289999999987 -46.7432299999999827, -23.5608989999999991 -46.7429720000000088, -23.5611889999999988 -46.7427410000000236, -23.5615190000000005 -46.7426020000000335, -23.5617449999999984 -46.7426770000000147, -23.5618189999999998 -46.7427089999999907, -23.5620450000000012 -46.7425000000000068, -23.5622270000000000 -46.7422750000000065, -23.5624779999999987 -46.7420650000000251, -23.5627430000000011 -46.7418830000000298, -23.5630279999999992 -46.7417920000000322, -23.5632349999999988 -46.7417599999999993, -23.5633230000000005 -46.7419039999999768, -23.5631510000000013 -46.7420869999999695, -23.5628369999999983 -46.7423499999999876, -23.5627780000000016 -46.7424300000000130, -23.5629789999999986 -46.7426289999999653, -23.5631610000000009 -46.7429449999999633, -23.5633480000000013 -46.7431970000000092, -23.5635149999999989 -46.7434489999999983, -23.5636629999999982 -46.7436690000000112, -23.5628320000000002 -46.7442780000000084, -23.5630659999999992 -46.7445989999999938, -23.5632050000000000 -46.7447839999999815, -23.5633640000000000 -46.7446800000000167, -23.5635137513589790 -46.7445940085983693, -23.5635669999999990 -46.7445609999999760, -23.5636790775440623 -46.7447294871025179, -23.5638114144940118 -46.7449307202376758, -23.5639290000000017 -46.7451399999999921, -23.5636289999999988 -46.7454319999999939, -23.5638250000000014 -46.7457400000000121, -23.5626940000000005 -46.7465660000000298)))\", \"points\": null, \"last_update\": \"2012-03-23 17:32:56\", \"slug\": \"jardim-sao-remo\", \"population\": 13000}}]", "revision": 16}}, {"pk": 49, "model": "reversion.version", "fields": {"format": "json", "object_repr": "Melhorar as condi\u00e7\u00f5es ambientais", "object_id": "8", "content_type": 20, "object_id_int": 8, "type": 0, "serialized_data": "[{\"pk\": 8, \"model\": \"need.need\", \"fields\": {\"target_audiences\": [], \"description\": \"Em escuta realizada junto a 53 moradores em 2009, 96% responderam que a infraestrutura comunit\\u00e1ria e as condi\\u00e7\\u00f5es ambientais precisam melhorar.\\r\\n\\r\\nProblemas citados foram\\r\\n- Excesso de lixo (35%)\\r\\n- Melhorar urbaniza\\u00e7\\u00e3o (25%)\\r\\n- Falta de \\u00e1reas verdes (16%)\\r\\n- Polui\\u00e7\\u00e3o sonora (7%)\", \"title\": \"Melhorar as condi\\u00e7\\u00f5es ambientais\", \"polys\": null, \"creator\": 1, \"lines\": null, \"community\": 4, \"creation_date\": \"2012-03-29 14:59:12\", \"geometry\": \"GEOMETRYCOLLECTION EMPTY\", \"points\": null, \"last_update\": \"2012-03-29 14:59:12\", \"slug\": \"melhorar-as-condicoes-ambientais\", \"categories\": []}}]", "revision": 48}}, {"pk": 18, "model": "reversion.version", "fields": {"format": "json", "object_repr": "Circo Escola S\u00e3o Remo", "object_id": "1", "content_type": 26, "object_id_int": 1, "type": 1, "serialized_data": "[{\"pk\": 1, \"model\": \"organization.organization\", \"fields\": {\"name\": \"Circo Escola S\\u00e3o Remo\", \"creator\": 1, \"polys\": \"MULTIPOLYGON (((-23.5631202348988396 -46.7420813763046112, -23.5630022236272403 -46.7418721640014496, -23.5628743779633787 -46.7418560707473603, -23.5627465321751188 -46.7419097149276581, -23.5626137691094684 -46.7420116388702240, -23.5624072485184648 -46.7421564781570282, -23.5622154791075502 -46.7423066818618622, -23.5620482952901682 -46.7425373518371430, -23.5622548164454280 -46.7428109371566620, -23.5623998727770569 -46.7426808500194397, -23.5624859230676051 -46.7426044070625153, -23.5628006207930305 -46.7423536205196228, -23.5629678036530521 -46.7422121339940873, -23.5631202348988396 -46.7420813763046112)))\", \"lines\": null, \"community\": [1], \"creation_date\": \"2012-03-21 15:04:58\", \"geometry\": \"GEOMETRYCOLLECTION (POLYGON ((-23.5631202348988396 -46.7420813763046112, -23.5630022236272403 -46.7418721640014496, -23.5628743779633787 -46.7418560707473603, -23.5627465321751188 -46.7419097149276581, -23.5626137691094684 -46.7420116388702240, -23.5624072485184648 -46.7421564781570282, -23.5622154791075502 -46.7423066818618622, -23.5620482952901682 -46.7425373518371430, -23.5622548164454280 -46.7428109371566620, -23.5623998727770569 -46.7426808500194397, -23.5624859230676051 -46.7426044070625153, -23.5628006207930305 -46.7423536205196228, -23.5629678036530521 -46.7422121339940873, -23.5631202348988396 -46.7420813763046112)))\", \"points\": null, \"slug\": \"circo-escola-sao-remo\", \"description\": \"O [Circo Escola S\\u00e3o Remo](http://iccsp.wordpress.com/tag/circo-escola-sao-remo/ \\\"Circo Escola S\\u00e3o Remo\\\") atende adolescentes e jovens da comunidade Jardim S\\u00e3o Remo. Ele trabalha com educa\\u00e7\\u00e3o/promo\\u00e7\\u00e3o de crian\\u00e7as, jovens e adolescentes e que t\\u00eam como perspectiva mais geral o trabalho educativo de integra\\u00e7\\u00e3o dos exclu\\u00eddos, o exerc\\u00edcio da cidadania e o resgate das ra\\u00edzes culturais. Ele privilegia linguagens art\\u00edsticas (teatro, dan\\u00e7a, m\\u00fasica e circo) como instrumento de aproxima\\u00e7\\u00e3o/motiva\\u00e7\\u00e3o dos grupos com que trabalha e tamb\\u00e9m como um poss\\u00edvel campo de profissionaliza\\u00e7\\u00e3o. \\r\\n\\r\\nEle \\u00e9 um espa\\u00e7o administrado pelo [Instituto Crian\\u00e7a Cidad\\u00e3](http://www.iccsp.org.br/ \\\"Instituto Crian\\u00e7a Cidad\\u00e3\\\") que faz parte da [\\\"Rede Circo do Mundo Brasil\\u201d](http://www.circodomundo.org/CIRCO_DO_MUNDO_BRASIL/index.php \\\"Rede Circo Mundo Brasil\\\").\"}}]", "revision": 17}}, {"pk": 19, "model": "reversion.version", "fields": {"format": "json", "object_repr": "Espa\u00e7o Girassol", "object_id": "3", "content_type": 26, "object_id_int": 3, "type": 1, "serialized_data": "[{\"pk\": 3, \"model\": \"organization.organization\", \"fields\": {\"name\": \"Espa\\u00e7o Girassol\", \"creator\": 1, \"polys\": \"MULTIPOLYGON (((-23.5625494438292939 -46.7449158604659942, -23.5624756864765210 -46.7448005254783538, -23.5626232011406707 -46.7446878726997284, -23.5626920412605898 -46.7448005254783538, -23.5625494438292939 -46.7449158604659942)))\", \"lines\": null, \"community\": [1], \"creation_date\": \"2012-03-28 15:38:41\", \"geometry\": \"GEOMETRYCOLLECTION (POLYGON ((-23.5625494438292939 -46.7449158604659942, -23.5624756864765210 -46.7448005254783538, -23.5626232011406707 -46.7446878726997284, -23.5626920412605898 -46.7448005254783538, -23.5625494438292939 -46.7449158604659942)))\", \"points\": null, \"slug\": \"espaco-girassol\", \"description\": \"O Espa\\u00e7o Girassol \\u00e9 localizado no Jardim S\\u00e3o Remo e mantenido por a organiza\\u00e7\\u00e3o sem fins lucrativos [Agente](http://www.agente.org.br/agente/ \\\"Agente\\\"). A Agente uma organiza\\u00e7\\u00e3o fundada por pessoas da Igreja Metodista Livre da Sa\\u00fade.\\r\\n\\r\\nEla desenvolve projetos focados na educa\\u00e7\\u00e3o e na sa\\u00fade que visam \\u00e0 transforma\\u00e7\\u00e3o integral (social, familiar, espiritual e material) de pessoas e fam\\u00edlias desfavorecidas. O principal objetivo \\u00e9 que as pessoas beneficiadas sejam inclu\\u00eddas socialmente e atuem como AGENTES de transforma\\u00e7\\u00e3o.\\r\\n\\r\\nNo Espa\\u00e7o Girassol a Agente realiza tr\\u00eas projetos:\\r\\n\\r\\nCEI Girassol\\r\\n\\r\\nCentro de Educa\\u00e7\\u00e3o Infantil (CEI) com estrutura para atender crian\\u00e7as de 2 a 3 anos de idade, mantido em parceria com a Prefeitura de S\\u00e3o Paulo (por meio de conv\\u00eanio) e doa\\u00e7\\u00f5es volunt\\u00e1rias de padrinhos e outros parceiros. O projeto conta com uma equipe formada por profissionais capacitados na \\u00e1rea de educa\\u00e7\\u00e3o, estagi\\u00e1rios e volunt\\u00e1rios.\\r\\n\\r\\nMova\\r\\n\\r\\nPrograma de Educa\\u00e7\\u00e3o para Jovens e Adultos (EJA), desenvolvido no per\\u00edodo noturno em parceria com outras organiza\\u00e7\\u00f5es que atuam na comunidade. Tem a capacidade para atender 20 pessoas.\\r\\n\\r\\nAcompanhamento nutricional e desenvolvimento f\\u00edsico\\r\\n\\r\\nEm parceria com a Pastoral da Crian\\u00e7as, desenvolvemos a\\u00e7\\u00f5es de refor\\u00e7o nutricional para crian\\u00e7as de 0 a 6 anos, acompanhamento de gestante e palestras para as m\\u00e3es.\"}}]", "revision": 18}}, {"pk": 34, "model": "reversion.version", "fields": {"format": "json", "object_repr": "Trabalho educativo referente ao lixo", "object_id": "6", "content_type": 20, "object_id_int": 6, "type": 0, "serialized_data": "[{\"pk\": 6, \"model\": \"need.need\", \"fields\": {\"target_audiences\": [], \"description\": \"Nos workshops do programa da Plataforma de Centros Urbanos da UNICEF foram levantadas as seguintes necessidades referentes \\u00e0s atitudes e ao comportamento dos moradores do Jardim S\\u00e3o Remo.\\r\\n\\r\\nPessoa joga lixo fora de hora na rua. Tem que haver uma conscientiza\\u00e7\\u00e3o de jogar lixo na hora e no dia certo.\\r\\n\\r\\nDeveria haver na comunidade um trabalho com reciclagem na comunidade.\\r\\n\\r\\nRemo limpa aconteceu h\\u00e1 muito tempo as pessoas acham que isso deveria acontece novamente.\", \"title\": \"Trabalho educativo referente ao lixo\", \"polys\": null, \"creator\": 1, \"lines\": null, \"community\": 1, \"creation_date\": \"2012-03-28 18:08:35\", \"geometry\": \"GEOMETRYCOLLECTION EMPTY\", \"points\": null, \"last_update\": \"2012-03-28 18:08:35\", \"slug\": \"trabalho-educativo-referente-ao-lixo\", \"categories\": []}}]", "revision": 33}}, {"pk": 20, "model": "reversion.version", "fields": {"format": "json", "object_repr": "Coletivo Griot", "object_id": "4", "content_type": 26, "object_id_int": 4, "type": 1, "serialized_data": "[{\"pk\": 4, \"model\": \"organization.organization\", \"fields\": {\"name\": \"Coletivo Griot\", \"creator\": 1, \"polys\": \"MULTIPOLYGON (((-23.5631244214349813 -46.7420557112922666, -23.5630752500862712 -46.7419739039173123, -23.5632645596778580 -46.7418330879440305, -23.5633100431105156 -46.7419068486919400, -23.5631244214349813 -46.7420557112922666)))\", \"lines\": null, \"community\": [1], \"creation_date\": \"2012-03-28 15:47:04\", \"geometry\": \"GEOMETRYCOLLECTION (POLYGON ((-23.5631244214349813 -46.7420557112922666, -23.5630752500862712 -46.7419739039173123, -23.5632645596778580 -46.7418330879440305, -23.5633100431105156 -46.7419068486919400, -23.5631244214349813 -46.7420557112922666)))\", \"points\": null, \"slug\": \"coletivo-griot\", \"description\": \"O [Coletivo Griot](http://cursinhogriot.blogspot.com.br/ \\\"Coletivo Griot\\\"), localizado no Jardim S\\u00e3o Remo oferece o Cursinho Popular Coletivo Griot, um cursinho pr\\u00e9-vestibular gratuito para a comunidade. Ele usa o espa\\u00e7o da Circo Escola S\\u00e3o Remo.\\r\\n\\r\\nEle tem como objetivo lutar pela promo\\u00e7\\u00e3o da cidadania. Seu principal instrumento nessa luta \\u00e9 o Cursinho Pr\\u00e9-Vestibular Griot, cujas aulas s\\u00e3o ministradas por professores-volunt\\u00e1rios.\"}}]", "revision": 19}}, {"pk": 21, "model": "reversion.version", "fields": {"format": "json", "object_repr": "Coletivo Griot", "object_id": "4", "content_type": 26, "object_id_int": 4, "type": 1, "serialized_data": "[{\"pk\": 4, \"model\": \"organization.organization\", \"fields\": {\"name\": \"Coletivo Griot\", \"creator\": 1, \"polys\": \"MULTIPOLYGON (((-23.5631252292834645 -46.7420506355820180, -23.5630750000000013 -46.7419740000000274, -23.5632650000000012 -46.7418329999999855, -23.5633100000000013 -46.7419069999999692, -23.5631252292834645 -46.7420506355820180)))\", \"lines\": null, \"community\": [1], \"creation_date\": \"2012-03-28 15:47:04\", \"geometry\": \"GEOMETRYCOLLECTION (POLYGON ((-23.5631252292834645 -46.7420506355820180, -23.5630750000000013 -46.7419740000000274, -23.5632650000000012 -46.7418329999999855, -23.5633100000000013 -46.7419069999999692, -23.5631252292834645 -46.7420506355820180)))\", \"points\": null, \"slug\": \"coletivo-griot\", \"description\": \"O [Coletivo Griot](http://cursinhogriot.blogspot.com.br/ \\\"Coletivo Griot\\\"), localizado no Jardim S\\u00e3o Remo oferece o Cursinho Popular Coletivo Griot, um cursinho pr\\u00e9-vestibular gratuito para a comunidade. Ele usa o espa\\u00e7o da Circo Escola S\\u00e3o Remo.\\r\\n\\r\\nEle tem como objetivo lutar pela promo\\u00e7\\u00e3o da cidadania. Seu principal instrumento nessa luta \\u00e9 o Cursinho Pr\\u00e9-Vestibular Griot, cujas aulas s\\u00e3o ministradas por professores-volunt\\u00e1rios.\"}}]", "revision": 20}}, {"pk": 22, "model": "reversion.version", "fields": {"format": "json", "object_repr": "Circo Escola S\u00e3o Remo", "object_id": "1", "content_type": 26, "object_id_int": 1, "type": 1, "serialized_data": "[{\"pk\": 1, \"model\": \"organization.organization\", \"fields\": {\"name\": \"Circo Escola S\\u00e3o Remo\", \"creator\": 1, \"polys\": \"MULTIPOLYGON (((-23.5631445856682937 -46.7420783177909698, -23.5632386272159948 -46.7419858081178177, -23.5633080830632871 -46.7418986628626953, -23.5632748952692772 -46.7418262962951303, -23.5632331024898818 -46.7417727051906695, -23.5630437956708860 -46.7417995803565987, -23.5628740000000008 -46.7418559999999843, -23.5627470000000017 -46.7419099999999617, -23.5626139999999999 -46.7420119999999883, -23.5624070000000003 -46.7421560000000227, -23.5622149999999984 -46.7423069999999825, -23.5620480000000008 -46.7425369999999702, -23.5622550000000004 -46.7428110000000174, -23.5624000000000002 -46.7426810000000046, -23.5624859999999998 -46.7426040000000285, -23.5628010000000003 -46.7423539999999775, -23.5629680000000015 -46.7422119999999950, -23.5631445856682937 -46.7420783177909698)))\", \"lines\": null, \"community\": [1], \"creation_date\": \"2012-03-21 15:04:58\", \"geometry\": \"GEOMETRYCOLLECTION (POLYGON ((-23.5631445856682937 -46.7420783177909698, -23.5632386272159948 -46.7419858081178177, -23.5633080830632871 -46.7418986628626953, -23.5632748952692772 -46.7418262962951303, -23.5632331024898818 -46.7417727051906695, -23.5630437956708860 -46.7417995803565987, -23.5628740000000008 -46.7418559999999843, -23.5627470000000017 -46.7419099999999617, -23.5626139999999999 -46.7420119999999883, -23.5624070000000003 -46.7421560000000227, -23.5622149999999984 -46.7423069999999825, -23.5620480000000008 -46.7425369999999702, -23.5622550000000004 -46.7428110000000174, -23.5624000000000002 -46.7426810000000046, -23.5624859999999998 -46.7426040000000285, -23.5628010000000003 -46.7423539999999775, -23.5629680000000015 -46.7422119999999950, -23.5631445856682937 -46.7420783177909698)))\", \"points\": null, \"slug\": \"circo-escola-sao-remo\", \"description\": \"O [Circo Escola S\\u00e3o Remo](http://iccsp.wordpress.com/tag/circo-escola-sao-remo/ \\\"Circo Escola S\\u00e3o Remo\\\") atende adolescentes e jovens da comunidade Jardim S\\u00e3o Remo. Ele trabalha com educa\\u00e7\\u00e3o/promo\\u00e7\\u00e3o de crian\\u00e7as, jovens e adolescentes e que t\\u00eam como perspectiva mais geral o trabalho educativo de integra\\u00e7\\u00e3o dos exclu\\u00eddos, o exerc\\u00edcio da cidadania e o resgate das ra\\u00edzes culturais. Ele privilegia linguagens art\\u00edsticas (teatro, dan\\u00e7a, m\\u00fasica e circo) como instrumento de aproxima\\u00e7\\u00e3o/motiva\\u00e7\\u00e3o dos grupos com que trabalha e tamb\\u00e9m como um poss\\u00edvel campo de profissionaliza\\u00e7\\u00e3o. \\r\\n\\r\\nEle \\u00e9 um espa\\u00e7o administrado pelo [Instituto Crian\\u00e7a Cidad\\u00e3](http://www.iccsp.org.br/ \\\"Instituto Crian\\u00e7a Cidad\\u00e3\\\") que faz parte da [\\\"Rede Circo do Mundo Brasil\\u201d](http://www.circodomundo.org/CIRCO_DO_MUNDO_BRASIL/index.php \\\"Rede Circo Mundo Brasil\\\").\"}}]", "revision": 21}}, {"pk": 23, "model": "reversion.version", "fields": {"format": "json", "object_repr": "Telecentro Grupo Er\u00ea I", "object_id": "5", "content_type": 26, "object_id_int": 5, "type": 1, "serialized_data": "[{\"pk\": 5, \"model\": \"organization.organization\", \"fields\": {\"name\": \"Telecentro Grupo Er\\u00ea I\", \"creator\": 1, \"polys\": \"MULTIPOLYGON (((-23.5621441625031167 -46.7431853301982869, -23.5621957927847028 -46.7431397326450337, -23.5621244938190877 -46.7430565841655721, -23.5620753220961312 -46.7431062050323476, -23.5621441625031167 -46.7431853301982869)))\", \"lines\": null, \"community\": [], \"creation_date\": \"2012-03-28 15:58:41\", \"geometry\": \"GEOMETRYCOLLECTION (POLYGON ((-23.5621441625031167 -46.7431853301982869, -23.5621957927847028 -46.7431397326450337, -23.5621244938190877 -46.7430565841655721, -23.5620753220961312 -46.7431062050323476, -23.5621441625031167 -46.7431853301982869)))\", \"points\": null, \"slug\": \"telecentro-grupo-ere-i\", \"description\": \"O Telecentro Grupo Er\\u00ea I, um projeto do [Grupo Er\\u00ea](http://www.grupoere.org/projetos.htm \\\"Grupo Er\\u00ea\\\"), \\u00e9 localizado no Jardim S\\u00e3o Remo. Foi estabelecido em junho de 2010. O Telecentro oferece cursos de computa\\u00e7\\u00e3o e disponibiliza os computadores para o uso gratuito pelos moradores da S\\u00e3o Remo.\\r\\n\\r\\nMais informa\\u00e7\\u00f5es sobre os atuais cursos podem ser achados [neste site](http://www.telecentros.sp.gov.br/unidades/zona_oeste/grupo_ere/index.php \\\"Site da prefeitura de S\\u00e3o Paulo\\\") da Prefeitura de S\\u00e3o Paulo.\\r\\n\\r\\n**Contato**\\r\\n\\r\\nRua Aquian\\u00e9s, 36 - Butant\\u00e3 - S\\u00e3o Paulo\\r\\n\\r\\nTelefone: (11) 3719-3696\"}}]", "revision": 22}}, {"pk": 24, "model": "reversion.version", "fields": {"format": "json", "object_repr": "Telecentro Grupo Er\u00ea I", "object_id": "5", "content_type": 26, "object_id_int": 5, "type": 1, "serialized_data": "[{\"pk\": 5, \"model\": \"organization.organization\", \"fields\": {\"name\": \"Telecentro Grupo Er\\u00ea I\", \"creator\": 1, \"polys\": \"MULTIPOLYGON (((-23.5621441625031167 -46.7431853301982869, -23.5621957927847028 -46.7431397326450337, -23.5621244938190877 -46.7430565841655721, -23.5620753220961312 -46.7431062050323476, -23.5621441625031167 -46.7431853301982869)))\", \"lines\": null, \"community\": [1], \"creation_date\": \"2012-03-28 15:58:41\", \"geometry\": \"GEOMETRYCOLLECTION (POLYGON ((-23.5621441625031167 -46.7431853301982869, -23.5621957927847028 -46.7431397326450337, -23.5621244938190877 -46.7430565841655721, -23.5620753220961312 -46.7431062050323476, -23.5621441625031167 -46.7431853301982869)))\", \"points\": null, \"slug\": \"telecentro-grupo-ere-i\", \"description\": \"O Telecentro Grupo Er\\u00ea I, um projeto do [Grupo Er\\u00ea](http://www.grupoere.org/projetos.htm \\\"Grupo Er\\u00ea\\\"), \\u00e9 localizado no Jardim S\\u00e3o Remo. Foi estabelecido em junho de 2010. O Telecentro oferece cursos de computa\\u00e7\\u00e3o e disponibiliza os computadores para o uso gratuito pelos moradores da S\\u00e3o Remo.\\r\\n\\r\\nMais informa\\u00e7\\u00f5es sobre os atuais cursos podem ser achados [neste site](http://www.telecentros.sp.gov.br/unidades/zona_oeste/grupo_ere/index.php \\\"Site da prefeitura de S\\u00e3o Paulo\\\") da Prefeitura de S\\u00e3o Paulo.\\r\\n\\r\\n**Contato**\\r\\n\\r\\nRua Aquian\\u00e9s, 36 - Butant\\u00e3 - S\\u00e3o Paulo\\r\\n\\r\\nTelefone: (11) 3719-3696\"}}]", "revision": 23}}, {"pk": 25, "model": "reversion.version", "fields": {"format": "json", "object_repr": "Kombi do Projeto Alavanca Brasil", "object_id": "3", "content_type": 25, "object_id_int": 3, "type": 1, "serialized_data": "[{\"pk\": 3, \"model\": \"komoo_resource.resource\", \"fields\": {\"kind\": 4, \"name\": \"Kombi do Projeto Alavanca Brasil\", \"creator\": 1, \"polys\": null, \"lines\": null, \"community\": 1, \"creation_date\": \"2012-03-28 16:03:19\", \"geometry\": \"GEOMETRYCOLLECTION (POINT (-23.5617311106424729 -46.7433484221248818))\", \"points\": \"MULTIPOINT (-23.5617311106424729 -46.7433484221248818)\", \"last_update\": \"2012-03-28 16:03:20\", \"description\": \"O Projeto Alavanca possui uma Kombi que pode ser emprestada ou alugada pela comunidade referente atividades desenvolvidas em prol da comunidade. Para ver a disponibilidade, entre em contato com o Projeto Alavanca no n\\u00famero (11) 3766 4423.\"}}]", "revision": 24}}, {"pk": 27, "model": "reversion.version", "fields": {"format": "json", "object_repr": "Jardim S\u00e3o Remo", "object_id": "1", "content_type": 17, "object_id_int": 1, "type": 1, "serialized_data": "[{\"pk\": 1, \"model\": \"community.community\", \"fields\": {\"name\": \"Jardim S\\u00e3o Remo\", \"creator\": 1, \"polys\": \"MULTIPOLYGON (((-23.5626940000000005 -46.7465660000000298, -23.5624429999999982 -46.7462120000000141, -23.5621730000000014 -46.7459920000000011, -23.5619070000000015 -46.7458689999999706, -23.5616120000000002 -46.7456919999999627, -23.5613419999999998 -46.7454070000000002, -23.5610469999999985 -46.7450000000000045, -23.5602990000000005 -46.7439380000000142, -23.5602258275848655 -46.7436803644180259, -23.5602230758630888 -46.7435111355819686, -23.5602217000022165 -46.7434345677909846, -23.5602990000000005 -46.7433580000000006, -23.5604469999999999 -46.7433210000000372, -23.5606289999999987 -46.7432299999999827, -23.5608989999999991 -46.7429720000000088, -23.5611889999999988 -46.7427410000000236, -23.5615190000000005 -46.7426020000000335, -23.5617449999999984 -46.7426770000000147, -23.5618189999999998 -46.7427089999999907, -23.5620450000000012 -46.7425000000000068, -23.5622270000000000 -46.7422750000000065, -23.5624779999999987 -46.7420650000000251, -23.5627430000000011 -46.7418830000000298, -23.5630279999999992 -46.7417920000000322, -23.5632349999999988 -46.7417599999999993, -23.5633230000000005 -46.7419039999999768, -23.5631510000000013 -46.7420869999999695, -23.5628369999999983 -46.7423499999999876, -23.5627780000000016 -46.7424300000000130, -23.5629789999999986 -46.7426289999999653, -23.5631610000000009 -46.7429449999999633, -23.5633480000000013 -46.7431970000000092, -23.5635149999999989 -46.7434489999999983, -23.5636629999999982 -46.7436690000000112, -23.5628320000000002 -46.7442780000000084, -23.5630659999999992 -46.7445989999999938, -23.5632050000000000 -46.7447839999999815, -23.5633640000000000 -46.7446800000000167, -23.5635140000000014 -46.7445940000000064, -23.5635669999999990 -46.7445609999999760, -23.5636790000000005 -46.7447290000000066, -23.5638110000000012 -46.7449310000000082, -23.5639290000000017 -46.7451399999999921, -23.5636289999999988 -46.7454319999999939, -23.5638250000000014 -46.7457400000000121, -23.5626940000000005 -46.7465660000000298)))\", \"description\": \"Jardim S\\u00e3o Remo \\u00e9 uma comunidade de baixa renda vizinha \\u00e0 Cidade Universit\\u00e1ria (USP),localizada no bairro de Butant\\u00e3 na zona oeste da cidade de S\\u00e3o Paulo.\\r\\n\\r\\nA comunidade S\\u00e3o Remo tem suas origens na entre as **d\\u00e9cadas de 60 e 70**, quando diversos trabalhadores migraram do Nordeste brasileiro com suas fam\\u00edlias para trabalhar na constru\\u00e7\\u00e3o das faculdades da Universidade de S\\u00e3o Paulo. Ap\\u00f3s a constru\\u00e7\\u00e3o das faculdades, os trabalhadores permaneceram nos alojamentos criados pela empresa que administrava as obras. Estes alojamentos se tornaram o embri\\u00e3o do que hoje \\u00e9 a comunidade. Nesta \\u00e9poca eram aproximadamente 500 fam\\u00edlias, hoje a comunidade conta com mais de **13.000 moradores**.\\r\\n\", \"lines\": null, \"creation_date\": \"2012-03-19 22:01:01\", \"geometry\": \"GEOMETRYCOLLECTION (POLYGON ((-23.5626940000000005 -46.7465660000000298, -23.5624429999999982 -46.7462120000000141, -23.5621730000000014 -46.7459920000000011, -23.5619070000000015 -46.7458689999999706, -23.5616120000000002 -46.7456919999999627, -23.5613419999999998 -46.7454070000000002, -23.5610469999999985 -46.7450000000000045, -23.5602990000000005 -46.7439380000000142, -23.5602258275848655 -46.7436803644180259, -23.5602230758630888 -46.7435111355819686, -23.5602217000022165 -46.7434345677909846, -23.5602990000000005 -46.7433580000000006, -23.5604469999999999 -46.7433210000000372, -23.5606289999999987 -46.7432299999999827, -23.5608989999999991 -46.7429720000000088, -23.5611889999999988 -46.7427410000000236, -23.5615190000000005 -46.7426020000000335, -23.5617449999999984 -46.7426770000000147, -23.5618189999999998 -46.7427089999999907, -23.5620450000000012 -46.7425000000000068, -23.5622270000000000 -46.7422750000000065, -23.5624779999999987 -46.7420650000000251, -23.5627430000000011 -46.7418830000000298, -23.5630279999999992 -46.7417920000000322, -23.5632349999999988 -46.7417599999999993, -23.5633230000000005 -46.7419039999999768, -23.5631510000000013 -46.7420869999999695, -23.5628369999999983 -46.7423499999999876, -23.5627780000000016 -46.7424300000000130, -23.5629789999999986 -46.7426289999999653, -23.5631610000000009 -46.7429449999999633, -23.5633480000000013 -46.7431970000000092, -23.5635149999999989 -46.7434489999999983, -23.5636629999999982 -46.7436690000000112, -23.5628320000000002 -46.7442780000000084, -23.5630659999999992 -46.7445989999999938, -23.5632050000000000 -46.7447839999999815, -23.5633640000000000 -46.7446800000000167, -23.5635140000000014 -46.7445940000000064, -23.5635669999999990 -46.7445609999999760, -23.5636790000000005 -46.7447290000000066, -23.5638110000000012 -46.7449310000000082, -23.5639290000000017 -46.7451399999999921, -23.5636289999999988 -46.7454319999999939, -23.5638250000000014 -46.7457400000000121, -23.5626940000000005 -46.7465660000000298)))\", \"points\": null, \"last_update\": \"2012-03-28 16:06:04\", \"slug\": \"jardim-sao-remo\", \"population\": 13000}}]", "revision": 26}}, {"pk": 28, "model": "reversion.version", "fields": {"format": "json", "object_repr": "Espa\u00e7o Verde (Pra\u00e7a da Amizade)", "object_id": "4", "content_type": 25, "object_id_int": 4, "type": 1, "serialized_data": "[{\"pk\": 4, \"model\": \"komoo_resource.resource\", \"fields\": {\"kind\": 1, \"name\": \"Espa\\u00e7o Verde (Pra\\u00e7a da Amizade)\", \"creator\": 1, \"polys\": \"MULTIPOLYGON (((-23.5602463119070755 -46.7435393864040520, -23.5602684394927095 -46.7435326808815148, -23.5602696688029205 -46.7433596784000542, -23.5602180377644359 -46.7433690661316064, -23.5602463119070755 -46.7435393864040520)))\", \"lines\": null, \"community\": 1, \"creation_date\": \"2012-03-28 16:12:00\", \"geometry\": \"GEOMETRYCOLLECTION (POLYGON ((-23.5602463119070755 -46.7435393864040520, -23.5602684394927095 -46.7435326808815148, -23.5602696688029205 -46.7433596784000542, -23.5602180377644359 -46.7433690661316064, -23.5602463119070755 -46.7435393864040520)))\", \"points\": null, \"last_update\": \"2012-03-28 16:12:01\", \"description\": \"Perto da port\\u00e3o que conecta a comunidade Jardim S\\u00e3o Remo \\u00e0 Cidade Universit\\u00e1ria de S\\u00e3o Paulo existe um pequeno espa\\u00e7o verde chamado de Pra\\u00e7a de Amizade. Dona Eva, uma moradora da S\\u00e3o Remo e dona do brazinho do lado do espa\\u00e7o cuida da \\u00e0rea e tranca o parquinho \\u00e0 noite. Durante o dia pode ser usado pelos moradores, h\\u00e1 bancos para sentar e bastante plantas.\"}}]", "revision": 27}}, {"pk": 29, "model": "reversion.version", "fields": {"format": "json", "object_repr": "Necessidade de espa\u00e7o recreativo para crian\u00e7as no Jardim S\u00e3o Remo", "object_id": "3", "content_type": 20, "object_id_int": 3, "type": 0, "serialized_data": "[{\"pk\": 3, \"model\": \"need.need\", \"fields\": {\"target_audiences\": [], \"description\": \"80,6% dos moradores do Jardim S\\u00e3o Remo entrevistados pelo programa da Plataforma de Centros Urbanos da UNICEF (2009) acharam que falta lugar na comunidade para as crian\\u00e7as pequenas brincarem.\\r\\n\\r\\nOs moradores constataram os seguintes problemas:\\r\\n\\r\\nO quadra da S\\u00e3o remo \\u00e9 muito disputada e n\\u00e3o h\\u00e1 seguran\\u00e7a para as crian\\u00e7as de 0 a 6 anos;\\r\\nO circo escola aos s\\u00e1bados e domingo fica fechado, a comunidade gostaria que esse local fosse aberto nos finais de semana, para as crian\\u00e7as brincarem com a presen\\u00e7a de um monitor.\", \"title\": \"Necessidade de espa\\u00e7o recreativo para crian\\u00e7as no Jardim S\\u00e3o Remo\", \"polys\": null, \"creator\": 1, \"lines\": null, \"community\": 1, \"creation_date\": \"2012-03-28 16:17:32\", \"geometry\": \"GEOMETRYCOLLECTION (POINT (-23.5621738565016869 -46.7427360648040917))\", \"points\": \"MULTIPOINT (-23.5621738565016869 -46.7427360648040917)\", \"last_update\": \"2012-03-28 16:17:32\", \"slug\": \"necessidade-de-espaco-recreativo-para-criancas-no-jardim-sao-remo\", \"categories\": []}}]", "revision": 28}}, {"pk": 30, "model": "reversion.version", "fields": {"format": "json", "object_repr": "Trabalho educativo referente ao lixo", "object_id": "4", "content_type": 20, "object_id_int": 4, "type": 0, "serialized_data": "[{\"pk\": 4, \"model\": \"need.need\", \"fields\": {\"target_audiences\": [], \"description\": \"Nos workshops do programa da Plataforma de Centros Urbanos da UNICEF foram levantadas as seguintes necessidades referentes \\u00e0s atitudes e ao comportamento dos moradores do Jardim S\\u00e3o Remo.\\r\\n\\r\\nPessoa joga lixo fora de hora na rua. Tem que haver uma conscientiza\\u00e7\\u00e3o de jogar lixo na hora e no dia certo.\\r\\n\\r\\nDeveria haver na comunidade um trabalho com reciclagem na comunidade.\\r\\n\\r\\nRemo limpa aconteceu h\\u00e1 muito tempo as pessoas acham que isso deveria acontece novamente.\", \"title\": \"Trabalho educativo referente ao lixo\", \"polys\": null, \"creator\": 1, \"lines\": null, \"community\": 1, \"creation_date\": \"2012-03-28 16:23:07\", \"geometry\": \"GEOMETRYCOLLECTION (POINT (-23.5633883917613467 -46.7433368796234276))\", \"points\": \"MULTIPOINT (-23.5633883917613467 -46.7433368796234276)\", \"last_update\": \"2012-03-28 16:23:07\", \"slug\": \"trabalho-educativo-referente-ao-lixo\", \"categories\": []}}]", "revision": 29}}, {"pk": 31, "model": "reversion.version", "fields": {"format": "json", "object_repr": "Trabalho educativo referente ao lixo", "object_id": "4", "content_type": 20, "object_id_int": 4, "type": 2, "serialized_data": "[{\"pk\": 4, \"model\": \"need.need\", \"fields\": {\"target_audiences\": [15], \"description\": \"Nos workshops do programa da Plataforma de Centros Urbanos da UNICEF foram levantadas as seguintes necessidades referentes \\u00e0s atitudes e ao comportamento dos moradores do Jardim S\\u00e3o Remo.\\r\\n\\r\\nPessoa joga lixo fora de hora na rua. Tem que haver uma conscientiza\\u00e7\\u00e3o de jogar lixo na hora e no dia certo.\\r\\n\\r\\nDeveria haver na comunidade um trabalho com reciclagem na comunidade.\\r\\n\\r\\nRemo limpa aconteceu h\\u00e1 muito tempo as pessoas acham que isso deveria acontece novamente.\", \"title\": \"Trabalho educativo referente ao lixo\", \"polys\": null, \"creator\": 1, \"lines\": null, \"community\": 1, \"creation_date\": \"2012-03-28 16:23:07\", \"geometry\": \"GEOMETRYCOLLECTION (POINT (-23.5633883917613467 -46.7433368796234276))\", \"points\": \"MULTIPOINT (-23.5633883917613467 -46.7433368796234276)\", \"last_update\": \"2012-03-28 16:23:07\", \"slug\": \"trabalho-educativo-referente-ao-lixo\", \"categories\": [2, 3]}}]", "revision": 30}}, {"pk": 40, "model": "reversion.version", "fields": {"format": "json", "object_repr": "Trabalho educativo referente ao lixo", "object_id": "6", "content_type": 20, "object_id_int": 6, "type": 1, "serialized_data": "[{\"pk\": 6, \"model\": \"need.need\", \"fields\": {\"target_audiences\": [15], \"description\": \"Nos workshops do programa da Plataforma de Centros Urbanos da UNICEF foram levantadas as seguintes necessidades referentes \\u00e0s atitudes e ao comportamento dos moradores do Jardim S\\u00e3o Remo:\\r\\n\\r\\n * Pessoa joga lixo fora de hora na rua. Tem que haver uma conscientiza\\u00e7\\u00e3o de jogar lixo na hora e no dia certo.\\r\\n * Deveria haver na comunidade um trabalho com reciclagem na comunidade.\\r\\n\\r\\nRemo Limpa aconteceu h\\u00e1 muito tempo as pessoas acham que isso deveria acontece novamente.\", \"title\": \"Trabalho educativo referente ao lixo\", \"polys\": null, \"creator\": 1, \"lines\": null, \"community\": 1, \"creation_date\": \"2012-03-28 18:08:35\", \"geometry\": \"GEOMETRYCOLLECTION EMPTY\", \"points\": null, \"last_update\": \"2012-03-28 19:06:45\", \"slug\": \"trabalho-educativo-referente-ao-lixo\", \"categories\": [2, 3]}}]", "revision": 39}}, {"pk": 35, "model": "reversion.version", "fields": {"format": "json", "object_repr": "Escolinha de futebol do Mariano", "object_id": "6", "content_type": 26, "object_id_int": 6, "type": 1, "serialized_data": "[{\"pk\": 6, \"model\": \"organization.organization\", \"fields\": {\"name\": \"Escolinha de futebol do Mariano\", \"creator\": 1, \"polys\": \"MULTIPOLYGON (((-23.5612531132811434 -46.7435165876274255, -23.5613170369174370 -46.7435755962257531, -23.5614252153080130 -46.7434844011192467, -23.5613612917243529 -46.7434146636848595, -23.5612531132811434 -46.7435165876274255), (-23.5631314717773996 -46.7437204355125573, -23.5632150630234918 -46.7438330882911828, -23.5632740685769484 -46.7437955373649743, -23.5631708088410079 -46.7436721557502892, -23.5631314717773996 -46.7437204355125573)))\", \"lines\": null, \"community\": [1], \"creation_date\": \"2012-03-28 18:29:37\", \"geometry\": \"GEOMETRYCOLLECTION (POLYGON ((-23.5612531132811434 -46.7435165876274255, -23.5613170369174370 -46.7435755962257531, -23.5614252153080130 -46.7434844011192467, -23.5613612917243529 -46.7434146636848595, -23.5612531132811434 -46.7435165876274255), (-23.5631314717773996 -46.7437204355125573, -23.5632150630234918 -46.7438330882911828, -23.5632740685769484 -46.7437955373649743, -23.5631708088410079 -46.7436721557502892, -23.5631314717773996 -46.7437204355125573)))\", \"points\": null, \"slug\": \"escolinha-de-futebol-do-mariano\", \"description\": \"Mariano treina grupos de meninos moradores do Jardim S\\u00e3o Remo. A escolinha n\\u00e3o possui CNPJ, conta com o apoio do vereador Aur\\u00e9lio Miguel.\\r\\n\\r\\nOs treinos acontecem no [campo de futebol da S\\u00e3o Remo](http://beta.maps.mootiro.org/resource/1 \\\"Campo\\\"), a escolinha n\\u00e3o possui sede. Mariano pode ser contactado na casa dele na rua Cipot\\u00e2nea.\"}}]", "revision": 34}}, {"pk": 36, "model": "reversion.version", "fields": {"format": "json", "object_repr": "Telecentro Grupo Er\u00ea I", "object_id": "5", "content_type": 26, "object_id_int": 5, "type": 1, "serialized_data": "[{\"pk\": 5, \"model\": \"organization.organization\", \"fields\": {\"name\": \"Telecentro Grupo Er\\u00ea I\", \"creator\": 1, \"polys\": \"MULTIPOLYGON (((-23.5621440000000000 -46.7431849999999827, -23.5621689555693408 -46.7431641398811735, -23.5621018727268599 -46.7430797987766482, -23.5620750000000001 -46.7431060000000116, -23.5621440000000000 -46.7431849999999827)))\", \"lines\": null, \"community\": [1], \"creation_date\": \"2012-03-28 15:58:41\", \"geometry\": \"GEOMETRYCOLLECTION (POLYGON ((-23.5621440000000000 -46.7431849999999827, -23.5621689555693408 -46.7431641398811735, -23.5621018727268599 -46.7430797987766482, -23.5620750000000001 -46.7431060000000116, -23.5621440000000000 -46.7431849999999827)))\", \"points\": null, \"slug\": \"telecentro-grupo-ere-i\", \"description\": \"O Telecentro Grupo Er\\u00ea I, um projeto do [Grupo Er\\u00ea](http://www.grupoere.org/projetos.htm \\\"Grupo Er\\u00ea\\\"), \\u00e9 localizado no Jardim S\\u00e3o Remo. Foi estabelecido em junho de 2010. O Telecentro oferece cursos de computa\\u00e7\\u00e3o e disponibiliza os computadores para o uso gratuito pelos moradores da S\\u00e3o Remo.\\r\\n\\r\\nMais informa\\u00e7\\u00f5es sobre os atuais cursos podem ser achados [neste site](http://www.telecentros.sp.gov.br/unidades/zona_oeste/grupo_ere/index.php \\\"Site da prefeitura de S\\u00e3o Paulo\\\") da Prefeitura de S\\u00e3o Paulo.\\r\\n\\r\\n**Contato**\\r\\n\\r\\nRua Aquian\\u00e9s, 36 - Butant\\u00e3 - S\\u00e3o Paulo\\r\\n\\r\\nTelefone: (11) 3719-3696\"}}]", "revision": 35}}, {"pk": 37, "model": "reversion.version", "fields": {"format": "json", "object_repr": "Associa\u00e7\u00e3o de Moradores do Jardim S\u00e3o Remo", "object_id": "7", "content_type": 26, "object_id_int": 7, "type": 1, "serialized_data": "[{\"pk\": 7, \"model\": \"organization.organization\", \"fields\": {\"name\": \"Associa\\u00e7\\u00e3o de Moradores do Jardim S\\u00e3o Remo\", \"creator\": 1, \"polys\": \"MULTIPOLYGON (((-23.5621691908996880 -46.7431612331351971, -23.5621040383849518 -46.7430821079692578, -23.5621372292927269 -46.7430526036700940, -23.5622011524988686 -46.7431317288360333, -23.5621691908996880 -46.7431612331351971)))\", \"lines\": null, \"community\": [1], \"creation_date\": \"2012-03-28 18:34:14\", \"geometry\": \"GEOMETRYCOLLECTION (POLYGON ((-23.5621691908996880 -46.7431612331351971, -23.5621040383849518 -46.7430821079692578, -23.5621372292927269 -46.7430526036700940, -23.5622011524988686 -46.7431317288360333, -23.5621691908996880 -46.7431612331351971)))\", \"points\": null, \"slug\": \"associacao-de-moradores-do-jardim-sao-remo\", \"description\": \"A Associa\\u00e7\\u00e3o de Moradores do Jardim S\\u00e3o Remo \\u00e9 um \\u00f3rg\\u00e3o criado pelas pessoas da comunidade a fim de melhorar a qualidade de vida de seus associados em geral, defendendo-os e organizando-os. Tamb\\u00e9m desenvolve trabalhos sociais e distribui gratuitamente benef\\u00edcios alcan\\u00e7ados junto aos \\u00f3rg\\u00e3os municipais, estaduais, federais e \\u00e0 iniciativa privada.\\r\\n\\r\\nAtualmente, a diretoria \\u00e9 composta pela presidente Aid\\u00ea Felisberto de Souza e o vice-presidente Givanildo Oliveira. Suas propostas est\\u00e3o a promo\\u00e7\\u00e3o de atividades para a terceira idade \\u2013 como a pr\\u00e1tica de exerc\\u00edcios f\\u00edsicos \\u2013, excurs\\u00f5es para fora da S\\u00e3o Remo e mutir\\u00f5es para a coleta do lixo das ruas.\"}}]", "revision": 36}}, {"pk": 38, "model": "reversion.version", "fields": {"format": "json", "object_repr": "Associa\u00e7\u00e3o de Moradores do Jardim S\u00e3o Remo", "object_id": "7", "content_type": 26, "object_id_int": 7, "type": 1, "serialized_data": "[{\"pk\": 7, \"model\": \"organization.organization\", \"fields\": {\"name\": \"Associa\\u00e7\\u00e3o de Moradores do Jardim S\\u00e3o Remo\", \"creator\": 1, \"polys\": \"MULTIPOLYGON (((-23.5621691908996880 -46.7431612331351971, -23.5621040383849518 -46.7430821079692578, -23.5621372292927269 -46.7430526036700940, -23.5622011524988686 -46.7431317288360333, -23.5621691908996880 -46.7431612331351971)))\", \"lines\": null, \"community\": [1], \"creation_date\": \"2012-03-28 18:34:14\", \"geometry\": \"GEOMETRYCOLLECTION (POLYGON ((-23.5621691908996880 -46.7431612331351971, -23.5621040383849518 -46.7430821079692578, -23.5621372292927269 -46.7430526036700940, -23.5622011524988686 -46.7431317288360333, -23.5621691908996880 -46.7431612331351971)))\", \"points\": null, \"slug\": \"associacao-de-moradores-do-jardim-sao-remo\", \"description\": \"A Associa\\u00e7\\u00e3o de Moradores do Jardim S\\u00e3o Remo \\u00e9 um \\u00f3rg\\u00e3o criado pelas pessoas da comunidade a fim de melhorar a qualidade de vida de seus associados em geral, defendendo-os e organizando-os. Tamb\\u00e9m desenvolve trabalhos sociais e distribui gratuitamente benef\\u00edcios alcan\\u00e7ados junto aos \\u00f3rg\\u00e3os municipais, estaduais, federais e \\u00e0 iniciativa privada.\\r\\n\\r\\nAtualmente, a diretoria \\u00e9 composta pela presidente Aid\\u00ea Felisberto de Souza e o vice-presidente Givanildo Oliveira. Suas propostas est\\u00e3o a promo\\u00e7\\u00e3o de atividades para a terceira idade \\u2013 como a pr\\u00e1tica de exerc\\u00edcios f\\u00edsicos \\u2013, excurs\\u00f5es para fora da S\\u00e3o Remo e mutir\\u00f5es para a coleta do lixo das ruas.\\r\\n\\r\\nO espa\\u00e7o do [Telecentro Grupo Er\\u00ea](http://beta.maps.mootiro.org/organization/telecentro-grupo-ere-i \\\"Telecentro\\\") antigamente era sede da Assicia\\u00e7\\u00e3o de Moradores. Atualmente a associa\\u00e7\\u00e3o compartilha este espa\\u00e7o.\"}}]", "revision": 37}}, {"pk": 39, "model": "reversion.version", "fields": {"format": "json", "object_repr": "Programas educativos e culturais sobre sexualidade e HIV", "object_id": "7", "content_type": 20, "object_id_int": 7, "type": 0, "serialized_data": "[{\"pk\": 7, \"model\": \"need.need\", \"fields\": {\"target_audiences\": [], \"description\": \"Nas discuss\\u00f5es do programa da Plataforma de Centros Urbanos no Jardim S\\u00e3o Remo em 2009 surguiu a necessidade de oferecer programas educativos e culturais sobre sexualidade para os jovens da comunidade para prevenir HIV/AIDS e outras doen\\u00e7as sexualmente transmiss\\u00edveis.\\r\\n\\r\\nAqui as falas dos moradores:\\r\\n\\r\\nAs pessoas n\\u00e3o sabem das conseq\\u00fc\\u00eancias e acham que se for sem preservativo uma vez n\\u00e3o ter\\u00e1 problema.\\r\\nAs pessoas sabem dos problemas, mas a preven\\u00e7\\u00e3o deveria ser cultural.\\r\\nDiscutir sobre HIV \\u00e9 pouco, deveria ser discutida a sexualidade em si.\", \"title\": \"Programas educativos e culturais sobre sexualidade e HIV\", \"polys\": null, \"creator\": 1, \"lines\": null, \"community\": 1, \"creation_date\": \"2012-03-28 18:41:56\", \"geometry\": \"GEOMETRYCOLLECTION EMPTY\", \"points\": null, \"last_update\": \"2012-03-28 18:41:56\", \"slug\": \"programas-educativos-e-culturais-sobre-sexualidade-e-hiv\", \"categories\": []}}]", "revision": 38}}, {"pk": 41, "model": "reversion.version", "fields": {"format": "json", "object_repr": "Trabalho educativo referente ao lixo", "object_id": "6", "content_type": 20, "object_id_int": 6, "type": 1, "serialized_data": "[{\"pk\": 6, \"model\": \"need.need\", \"fields\": {\"target_audiences\": [15], \"description\": \"Nos workshops do programa da Plataforma de Centros Urbanos da UNICEF foram levantadas as seguintes necessidades referentes \\u00e0s atitudes e ao comportamento dos moradores do Jardim S\\u00e3o Remo:\\r\\n\\r\\n\\r\\n * Pessoa joga lixo fora de hora na rua. Tem que haver uma conscientiza\\u00e7\\u00e3o de jogar lixo na hora e no dia certo.\\r\\n * Deveria haver na comunidade um trabalho com reciclagem na comunidade.\\r\\n\\r\\n\\r\\nRemo Limpa aconteceu h\\u00e1 muito tempo as pessoas acham que isso deveria acontece novamente.\", \"title\": \"Trabalho educativo referente ao lixo\", \"polys\": null, \"creator\": 1, \"lines\": null, \"community\": 1, \"creation_date\": \"2012-03-28 18:08:35\", \"geometry\": \"GEOMETRYCOLLECTION EMPTY\", \"points\": null, \"last_update\": \"2012-03-28 19:06:54\", \"slug\": \"trabalho-educativo-referente-ao-lixo\", \"categories\": [2, 3]}}]", "revision": 40}}, {"pk": 42, "model": "reversion.version", "fields": {"format": "json", "object_repr": "Trabalho educativo referente ao lixo", "object_id": "6", "content_type": 20, "object_id_int": 6, "type": 1, "serialized_data": "[{\"pk\": 6, \"model\": \"need.need\", \"fields\": {\"target_audiences\": [15], \"description\": \"Nos workshops do programa da Plataforma de Centros Urbanos da UNICEF foram levantadas as seguintes necessidades referentes \\u00e0s atitudes e ao comportamento dos moradores do Jardim S\\u00e3o Remo:\\r\\n\\r\\n * Pessoa joga lixo fora de hora na rua. Tem que haver uma conscientiza\\u00e7\\u00e3o de jogar lixo na hora e no dia certo.\\r\\n * Deveria haver na comunidade um trabalho com reciclagem na comunidade.\\r\\n\\r\\nRemo Limpa aconteceu h\\u00e1 muito tempo as pessoas acham que isso deveria acontece novamente.\", \"title\": \"Trabalho educativo referente ao lixo\", \"polys\": null, \"creator\": 1, \"lines\": null, \"community\": 1, \"creation_date\": \"2012-03-28 18:08:35\", \"geometry\": \"GEOMETRYCOLLECTION EMPTY\", \"points\": null, \"last_update\": \"2012-03-28 19:07:11\", \"slug\": \"trabalho-educativo-referente-ao-lixo\", \"categories\": [2, 3]}}]", "revision": 41}}, {"pk": 43, "model": "reversion.version", "fields": {"format": "json", "object_repr": "Trabalho educativo referente ao lixo", "object_id": "6", "content_type": 20, "object_id_int": 6, "type": 1, "serialized_data": "[{\"pk\": 6, \"model\": \"need.need\", \"fields\": {\"target_audiences\": [15], \"description\": \"Nos workshops do programa da Plataforma de Centros Urbanos da UNICEF foram levantadas as seguintes necessidades referentes \\u00e0s atitudes e ao comportamento dos moradores do Jardim S\\u00e3o Remo:\\r\\n\\r\\n * Pessoa joga lixo fora de hora na rua. Tem que haver uma conscientiza\\u00e7\\u00e3o de jogar lixo na hora e no dia certo.\\r\\n * Deveria haver na comunidade um trabalho com reciclagem na comunidade.    \\r\\n    \\r\\nRemo Limpa aconteceu h\\u00e1 muito tempo as pessoas acham que isso deveria acontece novamente.    \", \"title\": \"Trabalho educativo referente ao lixo\", \"polys\": null, \"creator\": 1, \"lines\": null, \"community\": 1, \"creation_date\": \"2012-03-28 18:08:35\", \"geometry\": \"GEOMETRYCOLLECTION EMPTY\", \"points\": null, \"last_update\": \"2012-03-28 19:07:37\", \"slug\": \"trabalho-educativo-referente-ao-lixo\", \"categories\": [2, 3]}}]", "revision": 42}}, {"pk": 44, "model": "reversion.version", "fields": {"format": "json", "object_repr": "Trabalho educativo referente ao lixo", "object_id": "6", "content_type": 20, "object_id_int": 6, "type": 1, "serialized_data": "[{\"pk\": 6, \"model\": \"need.need\", \"fields\": {\"target_audiences\": [15], \"description\": \"Nos workshops do programa da Plataforma de Centros Urbanos da UNICEF foram levantadas as seguintes necessidades referentes \\u00e0s atitudes e ao comportamento dos moradores do Jardim S\\u00e3o Remo:\\r\\n\\r\\n * Pessoa joga lixo fora de hora na rua. Tem que haver uma conscientiza\\u00e7\\u00e3o de jogar lixo na hora e no dia certo.\\r\\n * Deveria haver na comunidade um trabalho com reciclagem na comunidade.    \\r\\n    \\r\\n\\r\\nRemo Limpa aconteceu h\\u00e1 muito tempo as pessoas acham que isso deveria acontece novamente.    \", \"title\": \"Trabalho educativo referente ao lixo\", \"polys\": null, \"creator\": 1, \"lines\": null, \"community\": 1, \"creation_date\": \"2012-03-28 18:08:35\", \"geometry\": \"GEOMETRYCOLLECTION EMPTY\", \"points\": null, \"last_update\": \"2012-03-28 19:07:48\", \"slug\": \"trabalho-educativo-referente-ao-lixo\", \"categories\": [2, 3]}}]", "revision": 43}}, {"pk": 47, "model": "reversion.version", "fields": {"format": "json", "object_repr": "Vila Nova Jaguar\u00e9", "object_id": "4", "content_type": 17, "object_id_int": 4, "type": 1, "serialized_data": "[{\"pk\": 4, \"model\": \"community.community\", \"fields\": {\"name\": \"Vila Nova Jaguar\\u00e9\", \"creator\": 1, \"polys\": \"MULTIPOLYGON (((-23.5402060000000013 -46.7430659999999989, -23.5405410000000010 -46.7425299999999879, -23.5403540000000007 -46.7422510000000102, -23.5411310000000000 -46.7413920000000189, -23.5416419999999995 -46.7410919999999805, -23.5445929999999990 -46.7414890000000014, -23.5453210000000013 -46.7415530000000103, -23.5459800000000001 -46.7416389999999637, -23.5486062111931140 -46.7426262724915773, -23.5485075470423375 -46.7427917325621820, -23.5476613926387088 -46.7424636661740465, -23.5467362382843390 -46.7422152291680391, -23.5464989439100485 -46.7425552043686707, -23.5477849050941508 -46.7430527645569214, -23.5477965782193692 -46.7433555215035312, -23.5475131885905427 -46.7437870244827991, -23.5467300267944637 -46.7444569113922626, -23.5456751400312179 -46.7444019365234453, -23.5440472910728964 -46.7441149609909417, -23.5437602049692636 -46.7439744828977837, -23.5435518041220888 -46.7436623434276726, -23.5434104025304762 -46.7433599295692375, -23.5434423429684934 -46.7427121865081858, -23.5430780000000013 -46.7423689999999965, -23.5423699999999982 -46.7420150000000376, -23.5417009999999998 -46.7418969999999945, -23.5410919999999990 -46.7420680000000175, -23.5411110000000008 -46.7424220000000332, -23.5412190000000017 -46.7427440000000161, -23.5414850000000015 -46.7430120000000215, -23.5416619999999988 -46.7431950000000143, -23.5415829999999993 -46.7435380000000009, -23.5412390000000009 -46.7435920000000351, -23.5402060000000013 -46.7430659999999989)))\", \"description\": \"A Vila Nova Jaguar\\u00e9 est\\u00e1 localizada na zona oeste de S\\u00e3o Paulo no bairro de Jaguar\\u00e9, sub-prefeitura de Lapa. Com 12.236 habitantes/ 3.612 fam\\u00edlias (2003, estimativa atual de 17.000 habitantes/ 6.000 fam\\u00edlias), at\\u00e9 2008 era considerada a maior favela da cidade em \\u00e1rea cont\\u00ednua (sem ruas pavimentadas).\\r\\n\\r\\nHenrique Dumont, dono da fazenda que  tinha no lugar do bairro Jaguar\\u00e9 doou \\u00e0 prefeitura uma \\u00e1rea de aproximadamente 150 mil m\\u00b2, para que nela fosse implantada uma \\u00e1rea de lazer. O espa\\u00e7o, no entanto, nunca foi aproveitado, e passou a ser invadido a partir das d\\u00e9cadas de 1950 e 60, com a intensifica\\u00e7\\u00e3o da migra\\u00e7\\u00e3o para a cidade. Hoje, a \\u00e1rea constitui a favela Vila Nova Jaguar\\u00e9 (166mil m2). O longo per\\u00edodo de recess\\u00e3o econ\\u00f4mica iniciado nos anos 70 e agravado nos anos 80, no entanto, afetou profundamente o distrito, com a sa\\u00edda e fechamento de v\\u00e1rias empresas.\\r\\n\\r\\nEm 1969 foi fundada a Uni\\u00e3o de Moradores da Vila Nova Jaguar\\u00e9 (R. Tr\\u00eas Arapongas, 10).\\r\\nA comunidade foi derrubada em 1994 pela prefeitura.\\r\\n\\r\\n\", \"lines\": null, \"creation_date\": \"2012-03-28 20:30:07\", \"geometry\": \"GEOMETRYCOLLECTION (POLYGON ((-23.5402060000000013 -46.7430659999999989, -23.5405410000000010 -46.7425299999999879, -23.5403540000000007 -46.7422510000000102, -23.5411310000000000 -46.7413920000000189, -23.5416419999999995 -46.7410919999999805, -23.5445929999999990 -46.7414890000000014, -23.5453210000000013 -46.7415530000000103, -23.5459800000000001 -46.7416389999999637, -23.5486062111931140 -46.7426262724915773, -23.5485075470423375 -46.7427917325621820, -23.5476613926387088 -46.7424636661740465, -23.5467362382843390 -46.7422152291680391, -23.5464989439100485 -46.7425552043686707, -23.5477849050941508 -46.7430527645569214, -23.5477965782193692 -46.7433555215035312, -23.5475131885905427 -46.7437870244827991, -23.5467300267944637 -46.7444569113922626, -23.5456751400312179 -46.7444019365234453, -23.5440472910728964 -46.7441149609909417, -23.5437602049692636 -46.7439744828977837, -23.5435518041220888 -46.7436623434276726, -23.5434104025304762 -46.7433599295692375, -23.5434423429684934 -46.7427121865081858, -23.5430780000000013 -46.7423689999999965, -23.5423699999999982 -46.7420150000000376, -23.5417009999999998 -46.7418969999999945, -23.5410919999999990 -46.7420680000000175, -23.5411110000000008 -46.7424220000000332, -23.5412190000000017 -46.7427440000000161, -23.5414850000000015 -46.7430120000000215, -23.5416619999999988 -46.7431950000000143, -23.5415829999999993 -46.7435380000000009, -23.5412390000000009 -46.7435920000000351, -23.5402060000000013 -46.7430659999999989)))\", \"points\": null, \"last_update\": \"2012-03-29 13:41:41\", \"slug\": \"vila-nova-jaguare\", \"population\": 12000}}]", "revision": 46}}, {"pk": 48, "model": "reversion.version", "fields": {"format": "json", "object_repr": "Vila Nova Jaguar\u00e9", "object_id": "4", "content_type": 17, "object_id_int": 4, "type": 1, "serialized_data": "[{\"pk\": 4, \"model\": \"community.community\", \"fields\": {\"name\": \"Vila Nova Jaguar\\u00e9\", \"creator\": 1, \"polys\": \"MULTIPOLYGON (((-23.5402060000000013 -46.7430659999999989, -23.5405410000000010 -46.7425299999999879, -23.5403540000000007 -46.7422510000000102, -23.5411310000000000 -46.7413920000000189, -23.5416419999999995 -46.7410919999999805, -23.5445929999999990 -46.7414890000000014, -23.5453210000000013 -46.7415530000000103, -23.5459800000000001 -46.7416389999999637, -23.5486062111931140 -46.7426262724915773, -23.5485075470423375 -46.7427917325621820, -23.5476613926387088 -46.7424636661740465, -23.5467362382843390 -46.7422152291680391, -23.5464989439100485 -46.7425552043686707, -23.5477849050941508 -46.7430527645569214, -23.5477965782193692 -46.7433555215035312, -23.5475131885905427 -46.7437870244827991, -23.5467300267944637 -46.7444569113922626, -23.5456751400312179 -46.7444019365234453, -23.5440472910728964 -46.7441149609909417, -23.5437602049692636 -46.7439744828977837, -23.5435518041220888 -46.7436623434276726, -23.5434104025304762 -46.7433599295692375, -23.5434423429684934 -46.7427121865081858, -23.5430780000000013 -46.7423689999999965, -23.5423699999999982 -46.7420150000000376, -23.5417009999999998 -46.7418969999999945, -23.5410919999999990 -46.7420680000000175, -23.5411110000000008 -46.7424220000000332, -23.5412190000000017 -46.7427440000000161, -23.5414850000000015 -46.7430120000000215, -23.5416619999999988 -46.7431950000000143, -23.5415829999999993 -46.7435380000000009, -23.5412390000000009 -46.7435920000000351, -23.5402060000000013 -46.7430659999999989)))\", \"description\": \"A Vila Nova Jaguar\\u00e9 est\\u00e1 localizada na zona oeste de S\\u00e3o Paulo no bairro de Jaguar\\u00e9, sub-prefeitura de Lapa. Com 12.236 habitantes/ 3.612 fam\\u00edlias (2003, estimativa atual de 17.000 habitantes/ 6.000 fam\\u00edlias), at\\u00e9 2008 era considerada a maior favela da cidade em \\u00e1rea cont\\u00ednua (sem ruas pavimentadas).\\r\\n\\r\\nHenrique Dumont, dono da fazenda que  tinha no lugar do bairro Jaguar\\u00e9 doou \\u00e0 prefeitura uma \\u00e1rea de aproximadamente 150 mil m\\u00b2, para que nela fosse implantada uma \\u00e1rea de lazer. O espa\\u00e7o, no entanto, nunca foi aproveitado, e passou a ser invadido a partir das d\\u00e9cadas de 1950 e 60, com a intensifica\\u00e7\\u00e3o da migra\\u00e7\\u00e3o para a cidade. Hoje, a \\u00e1rea constitui a favela Vila Nova Jaguar\\u00e9 (166mil m2). O longo per\\u00edodo de recess\\u00e3o econ\\u00f4mica iniciado nos anos 70 e agravado nos anos 80, no entanto, afetou profundamente o distrito, com a sa\\u00edda e fechamento de v\\u00e1rias empresas.\\r\\n\\r\\nEm 1969 foi fundada a Uni\\u00e3o de Moradores da Vila Nova Jaguar\\u00e9 (R. Tr\\u00eas Arapongas, 10).\\r\\nA comunidade foi derrubada em 1994 pela prefeitura mas depois reconstruida pelos moradores.\\r\\n\\r\\nAtualmente a comunidade passa por um processo de reurbaniza\\u00e7\\u00e3o.\\r\\n\\r\\n\", \"lines\": null, \"creation_date\": \"2012-03-28 20:30:07\", \"geometry\": \"GEOMETRYCOLLECTION (POLYGON ((-23.5402060000000013 -46.7430659999999989, -23.5405410000000010 -46.7425299999999879, -23.5403540000000007 -46.7422510000000102, -23.5411310000000000 -46.7413920000000189, -23.5416419999999995 -46.7410919999999805, -23.5445929999999990 -46.7414890000000014, -23.5453210000000013 -46.7415530000000103, -23.5459800000000001 -46.7416389999999637, -23.5486062111931140 -46.7426262724915773, -23.5485075470423375 -46.7427917325621820, -23.5476613926387088 -46.7424636661740465, -23.5467362382843390 -46.7422152291680391, -23.5464989439100485 -46.7425552043686707, -23.5477849050941508 -46.7430527645569214, -23.5477965782193692 -46.7433555215035312, -23.5475131885905427 -46.7437870244827991, -23.5467300267944637 -46.7444569113922626, -23.5456751400312179 -46.7444019365234453, -23.5440472910728964 -46.7441149609909417, -23.5437602049692636 -46.7439744828977837, -23.5435518041220888 -46.7436623434276726, -23.5434104025304762 -46.7433599295692375, -23.5434423429684934 -46.7427121865081858, -23.5430780000000013 -46.7423689999999965, -23.5423699999999982 -46.7420150000000376, -23.5417009999999998 -46.7418969999999945, -23.5410919999999990 -46.7420680000000175, -23.5411110000000008 -46.7424220000000332, -23.5412190000000017 -46.7427440000000161, -23.5414850000000015 -46.7430120000000215, -23.5416619999999988 -46.7431950000000143, -23.5415829999999993 -46.7435380000000009, -23.5412390000000009 -46.7435920000000351, -23.5402060000000013 -46.7430659999999989)))\", \"points\": null, \"last_update\": \"2012-03-29 13:54:05\", \"slug\": \"vila-nova-jaguare\", \"population\": 17000}}]", "revision": 47}}, {"pk": 70, "model": "reversion.version", "fields": {"format": "json", "object_repr": "Ciranda - Central de Not\u00edcias para os Direitos da Inf\u00e2ncia e Adolesc\u00eancia", "object_id": "11", "content_type": 26, "object_id_int": 11, "type": 0, "serialized_data": "[{\"pk\": 11, \"model\": \"organization.organization\", \"fields\": {\"description\": \"\", \"creator\": 2, \"community\": [], \"creation_date\": \"2012-04-08 18:08:21\", \"contact\": \"\", \"link\": \"http://ciranda.org.br\", \"target_audiences\": [], \"slug\": \"ciranda-central-de-noticias-para-os-direitos-da-infancia-e-adolescencia\", \"categories\": [], \"name\": \"Ciranda - Central de Not\\u00edcias para os Direitos da Inf\\u00e2ncia e Adolesc\\u00eancia\"}}]", "revision": 69}}, {"pk": 50, "model": "reversion.version", "fields": {"format": "json", "object_repr": "Melhorar as condi\u00e7\u00f5es ambientais", "object_id": "8", "content_type": 20, "object_id_int": 8, "type": 1, "serialized_data": "[{\"pk\": 8, \"model\": \"need.need\", \"fields\": {\"target_audiences\": [1, 15], \"description\": \"Em escuta realizada junto a 53 moradores em 2009, 96% responderam que a infraestrutura comunit\\u00e1ria e as condi\\u00e7\\u00f5es ambientais precisam melhorar.\\r\\n\\r\\nProblemas citados foram\\r\\n\\r\\n - Excesso de lixo (35%)\\r\\n - Melhorar urbaniza\\u00e7\\u00e3o (25%)\\r\\n - Falta de \\u00e1reas verdes (16%)\\r\\n - Polui\\u00e7\\u00e3o sonora (7%)\", \"title\": \"Melhorar as condi\\u00e7\\u00f5es ambientais\", \"polys\": null, \"creator\": 1, \"lines\": null, \"community\": 4, \"creation_date\": \"2012-03-29 14:59:12\", \"geometry\": \"GEOMETRYCOLLECTION EMPTY\", \"points\": null, \"last_update\": \"2012-03-29 14:59:51\", \"slug\": \"melhorar-as-condicoes-ambientais\", \"categories\": [3]}}]", "revision": 49}}, {"pk": 51, "model": "reversion.version", "fields": {"format": "json", "object_repr": "Excesso de lixo", "object_id": "9", "content_type": 20, "object_id_int": 9, "type": 0, "serialized_data": "[{\"pk\": 9, \"model\": \"need.need\", \"fields\": {\"target_audiences\": [], \"description\": \"H\\u00e1 v\\u00e1rios pontos na comunidade onde h\\u00e1 ac\\u00famulo de lixo.\", \"title\": \"Excesso de lixo\", \"polys\": null, \"creator\": 1, \"lines\": null, \"community\": 4, \"creation_date\": \"2012-03-29 15:02:56\", \"geometry\": \"GEOMETRYCOLLECTION EMPTY\", \"points\": null, \"last_update\": \"2012-03-29 15:02:56\", \"slug\": \"excesso-de-lixo\", \"categories\": []}}]", "revision": 50}}, {"pk": 52, "model": "reversion.version", "fields": {"format": "json", "object_repr": "Melhorar as condi\u00e7\u00f5es ambientais", "object_id": "8", "content_type": 20, "object_id_int": 8, "type": 1, "serialized_data": "[{\"pk\": 8, \"model\": \"need.need\", \"fields\": {\"target_audiences\": [1, 15], \"description\": \"Em escuta realizada junto a 53 moradores em 2009, 96% responderam que a infraestrutura comunit\\u00e1ria e as condi\\u00e7\\u00f5es ambientais precisam melhorar.\\r\\n\\r\\nProblemas citados foram\\r\\n\\r\\n - [Excesso de lixo](http://beta.maps.mootiro.org/vila-nova-jaguare/need/excesso-de-lixo \\\"\\\") (35%)\\r\\n - Melhorar urbaniza\\u00e7\\u00e3o (25%)\\r\\n - Falta de \\u00e1reas verdes (16%)\\r\\n - Polui\\u00e7\\u00e3o sonora (7%)\", \"title\": \"Melhorar as condi\\u00e7\\u00f5es ambientais\", \"polys\": null, \"creator\": 1, \"lines\": null, \"community\": 4, \"creation_date\": \"2012-03-29 14:59:12\", \"geometry\": \"GEOMETRYCOLLECTION EMPTY\", \"points\": null, \"last_update\": \"2012-03-29 15:03:41\", \"slug\": \"melhorar-as-condicoes-ambientais\", \"categories\": [3]}}]", "revision": 51}}, {"pk": 53, "model": "reversion.version", "fields": {"format": "json", "object_repr": "Vila Nova Jaguar\u00e9", "object_id": "4", "content_type": 17, "object_id_int": 4, "type": 1, "serialized_data": "[{\"pk\": 4, \"model\": \"community.community\", \"fields\": {\"name\": \"Vila Nova Jaguar\\u00e9\", \"creator\": 1, \"polys\": \"MULTIPOLYGON (((-23.5402060000000013 -46.7430659999999989, -23.5405410000000010 -46.7425299999999879, -23.5403540000000007 -46.7422510000000102, -23.5411310000000000 -46.7413920000000189, -23.5416419999999995 -46.7410919999999805, -23.5445929999999990 -46.7414890000000014, -23.5453210000000013 -46.7415530000000103, -23.5459800000000001 -46.7416389999999637, -23.5486062111931140 -46.7426262724915773, -23.5485075470423375 -46.7427917325621820, -23.5476613926387088 -46.7424636661740465, -23.5467362382843390 -46.7422152291680391, -23.5464989439100485 -46.7425552043686707, -23.5477849050941508 -46.7430527645569214, -23.5477965782193692 -46.7433555215035312, -23.5475131885905427 -46.7437870244827991, -23.5467300267944637 -46.7444569113922626, -23.5456751400312179 -46.7444019365234453, -23.5440472910728964 -46.7441149609909417, -23.5437602049692636 -46.7439744828977837, -23.5435518041220888 -46.7436623434276726, -23.5434104025304762 -46.7433599295692375, -23.5434423429684934 -46.7427121865081858, -23.5430780000000013 -46.7423689999999965, -23.5423699999999982 -46.7420150000000376, -23.5417009999999998 -46.7418969999999945, -23.5410919999999990 -46.7420680000000175, -23.5411110000000008 -46.7424220000000332, -23.5412190000000017 -46.7427440000000161, -23.5414850000000015 -46.7430120000000215, -23.5416619999999988 -46.7431950000000143, -23.5415829999999993 -46.7435380000000009, -23.5412390000000009 -46.7435920000000351, -23.5402060000000013 -46.7430659999999989)))\", \"description\": \"Localiza\\u00e7\\u00e3o\\r\\n==================\\r\\n\\r\\nA Vila Nova Jaguar\\u00e9 est\\u00e1 localizada na zona oeste de S\\u00e3o Paulo no bairro de Jaguar\\u00e9, sub-prefeitura de Lapa. Com 12.236 habitantes/ 3.612 fam\\u00edlias (2003, estimativa atual de 17.000 habitantes/ 6.000 fam\\u00edlias), at\\u00e9 2008 era considerada a maior favela da cidade em \\u00e1rea cont\\u00ednua (sem ruas pavimentadas).\\r\\n\\r\\nHist\\u00f3ria\\r\\n==================\\r\\n\\r\\nHenrique Dumont, dono da fazenda que  tinha no lugar do bairro Jaguar\\u00e9 doou \\u00e0 prefeitura uma \\u00e1rea de aproximadamente 150 mil m\\u00b2, para que nela fosse implantada uma \\u00e1rea de lazer. O espa\\u00e7o, no entanto, nunca foi aproveitado, e passou a ser invadido a partir das d\\u00e9cadas de 1950 e 60, com a intensifica\\u00e7\\u00e3o da migra\\u00e7\\u00e3o para a cidade. Hoje, a \\u00e1rea constitui a favela Vila Nova Jaguar\\u00e9 (166mil m2). O longo per\\u00edodo de recess\\u00e3o econ\\u00f4mica iniciado nos anos 70 e agravado nos anos 80, no entanto, afetou profundamente o distrito, com a sa\\u00edda e fechamento de v\\u00e1rias empresas.\\r\\n\\r\\nEm 1969 foi fundada a Uni\\u00e3o de Moradores da Vila Nova Jaguar\\u00e9 (R. Tr\\u00eas Arapongas, 10).\\r\\nA comunidade foi derrubada em 1994 pela prefeitura mas depois reconstruida pelos moradores.\\r\\n\\r\\nAtualmente a comunidade passa por um processo de reurbaniza\\u00e7\\u00e3o.\\r\\n\\r\\n\", \"lines\": null, \"creation_date\": \"2012-03-28 20:30:07\", \"geometry\": \"GEOMETRYCOLLECTION (POLYGON ((-23.5402060000000013 -46.7430659999999989, -23.5405410000000010 -46.7425299999999879, -23.5403540000000007 -46.7422510000000102, -23.5411310000000000 -46.7413920000000189, -23.5416419999999995 -46.7410919999999805, -23.5445929999999990 -46.7414890000000014, -23.5453210000000013 -46.7415530000000103, -23.5459800000000001 -46.7416389999999637, -23.5486062111931140 -46.7426262724915773, -23.5485075470423375 -46.7427917325621820, -23.5476613926387088 -46.7424636661740465, -23.5467362382843390 -46.7422152291680391, -23.5464989439100485 -46.7425552043686707, -23.5477849050941508 -46.7430527645569214, -23.5477965782193692 -46.7433555215035312, -23.5475131885905427 -46.7437870244827991, -23.5467300267944637 -46.7444569113922626, -23.5456751400312179 -46.7444019365234453, -23.5440472910728964 -46.7441149609909417, -23.5437602049692636 -46.7439744828977837, -23.5435518041220888 -46.7436623434276726, -23.5434104025304762 -46.7433599295692375, -23.5434423429684934 -46.7427121865081858, -23.5430780000000013 -46.7423689999999965, -23.5423699999999982 -46.7420150000000376, -23.5417009999999998 -46.7418969999999945, -23.5410919999999990 -46.7420680000000175, -23.5411110000000008 -46.7424220000000332, -23.5412190000000017 -46.7427440000000161, -23.5414850000000015 -46.7430120000000215, -23.5416619999999988 -46.7431950000000143, -23.5415829999999993 -46.7435380000000009, -23.5412390000000009 -46.7435920000000351, -23.5402060000000013 -46.7430659999999989)))\", \"points\": null, \"last_update\": \"2012-03-29 15:06:14\", \"slug\": \"vila-nova-jaguare\", \"population\": 17000}}]", "revision": 52}}, {"pk": 54, "model": "reversion.version", "fields": {"format": "json", "object_repr": "Vila Nova Jaguar\u00e9", "object_id": "4", "content_type": 17, "object_id_int": 4, "type": 1, "serialized_data": "[{\"pk\": 4, \"model\": \"community.community\", \"fields\": {\"name\": \"Vila Nova Jaguar\\u00e9\", \"creator\": 1, \"polys\": \"MULTIPOLYGON (((-23.5402060000000013 -46.7430659999999989, -23.5405410000000010 -46.7425299999999879, -23.5403540000000007 -46.7422510000000102, -23.5411310000000000 -46.7413920000000189, -23.5416419999999995 -46.7410919999999805, -23.5445929999999990 -46.7414890000000014, -23.5453210000000013 -46.7415530000000103, -23.5459800000000001 -46.7416389999999637, -23.5486062111931140 -46.7426262724915773, -23.5485075470423375 -46.7427917325621820, -23.5476613926387088 -46.7424636661740465, -23.5467362382843390 -46.7422152291680391, -23.5464989439100485 -46.7425552043686707, -23.5477849050941508 -46.7430527645569214, -23.5477965782193692 -46.7433555215035312, -23.5475131885905427 -46.7437870244827991, -23.5467300267944637 -46.7444569113922626, -23.5456751400312179 -46.7444019365234453, -23.5440472910728964 -46.7441149609909417, -23.5437602049692636 -46.7439744828977837, -23.5435518041220888 -46.7436623434276726, -23.5434104025304762 -46.7433599295692375, -23.5434423429684934 -46.7427121865081858, -23.5430780000000013 -46.7423689999999965, -23.5423699999999982 -46.7420150000000376, -23.5417009999999998 -46.7418969999999945, -23.5410919999999990 -46.7420680000000175, -23.5411110000000008 -46.7424220000000332, -23.5412190000000017 -46.7427440000000161, -23.5414850000000015 -46.7430120000000215, -23.5416619999999988 -46.7431950000000143, -23.5415829999999993 -46.7435380000000009, -23.5412390000000009 -46.7435920000000351, -23.5402060000000013 -46.7430659999999989)))\", \"description\": \"### Localiza\\u00e7\\u00e3o\\r\\n\\r\\nA Vila Nova Jaguar\\u00e9 est\\u00e1 localizada na zona oeste de S\\u00e3o Paulo no bairro de Jaguar\\u00e9, sub-prefeitura de Lapa. Com 12.236 habitantes/ 3.612 fam\\u00edlias (2003, estimativa atual de 17.000 habitantes/ 6.000 fam\\u00edlias), at\\u00e9 2008 era considerada a maior favela da cidade em \\u00e1rea cont\\u00ednua (sem ruas pavimentadas).\\r\\n\\r\\n### Hist\\u00f3ria\\r\\n\\r\\nHenrique Dumont, dono da fazenda que  tinha no lugar do bairro Jaguar\\u00e9 doou \\u00e0 prefeitura uma \\u00e1rea de aproximadamente 150 mil m\\u00b2, para que nela fosse implantada uma \\u00e1rea de lazer. O espa\\u00e7o, no entanto, nunca foi aproveitado, e passou a ser invadido a partir das d\\u00e9cadas de 1950 e 60, com a intensifica\\u00e7\\u00e3o da migra\\u00e7\\u00e3o para a cidade. Hoje, a \\u00e1rea constitui a favela Vila Nova Jaguar\\u00e9 (166mil m2). O longo per\\u00edodo de recess\\u00e3o econ\\u00f4mica iniciado nos anos 70 e agravado nos anos 80, no entanto, afetou profundamente o distrito, com a sa\\u00edda e fechamento de v\\u00e1rias empresas.\\r\\n\\r\\nEm 1969 foi fundada a Uni\\u00e3o de Moradores da Vila Nova Jaguar\\u00e9 (R. Tr\\u00eas Arapongas, 10).\\r\\nA comunidade foi derrubada em 1994 pela prefeitura mas depois reconstruida pelos moradores.\\r\\n\\r\\nAtualmente a comunidade passa por um processo de reurbaniza\\u00e7\\u00e3o.\\r\\n\\r\\n\", \"lines\": null, \"creation_date\": \"2012-03-28 20:30:07\", \"geometry\": \"GEOMETRYCOLLECTION (POLYGON ((-23.5402060000000013 -46.7430659999999989, -23.5405410000000010 -46.7425299999999879, -23.5403540000000007 -46.7422510000000102, -23.5411310000000000 -46.7413920000000189, -23.5416419999999995 -46.7410919999999805, -23.5445929999999990 -46.7414890000000014, -23.5453210000000013 -46.7415530000000103, -23.5459800000000001 -46.7416389999999637, -23.5486062111931140 -46.7426262724915773, -23.5485075470423375 -46.7427917325621820, -23.5476613926387088 -46.7424636661740465, -23.5467362382843390 -46.7422152291680391, -23.5464989439100485 -46.7425552043686707, -23.5477849050941508 -46.7430527645569214, -23.5477965782193692 -46.7433555215035312, -23.5475131885905427 -46.7437870244827991, -23.5467300267944637 -46.7444569113922626, -23.5456751400312179 -46.7444019365234453, -23.5440472910728964 -46.7441149609909417, -23.5437602049692636 -46.7439744828977837, -23.5435518041220888 -46.7436623434276726, -23.5434104025304762 -46.7433599295692375, -23.5434423429684934 -46.7427121865081858, -23.5430780000000013 -46.7423689999999965, -23.5423699999999982 -46.7420150000000376, -23.5417009999999998 -46.7418969999999945, -23.5410919999999990 -46.7420680000000175, -23.5411110000000008 -46.7424220000000332, -23.5412190000000017 -46.7427440000000161, -23.5414850000000015 -46.7430120000000215, -23.5416619999999988 -46.7431950000000143, -23.5415829999999993 -46.7435380000000009, -23.5412390000000009 -46.7435920000000351, -23.5402060000000013 -46.7430659999999989)))\", \"points\": null, \"last_update\": \"2012-03-29 15:06:49\", \"slug\": \"vila-nova-jaguare\", \"population\": 17000}}]", "revision": 53}}, {"pk": 55, "model": "reversion.version", "fields": {"format": "json", "object_repr": "Centro Educacional Unificado (CEU) Jaguar\u00e9", "object_id": "8", "content_type": 26, "object_id_int": 8, "type": 1, "serialized_data": "[{\"pk\": 8, \"model\": \"organization.organization\", \"fields\": {\"name\": \"Centro Educacional Unificado (CEU) Jaguar\\u00e9\", \"creator\": 1, \"polys\": \"MULTIPOLYGON (((-23.5490336676996748 -46.7426886693115193, -23.5492352916540035 -46.7427959576721150, -23.5498991732206342 -46.7430373564834554, -23.5501696425273401 -46.7430641785736043, -23.5504351936688856 -46.7430373564834554, -23.5507056618727155 -46.7429300681228597, -23.5509072832626387 -46.7427691355819661, -23.5511187395100592 -46.7425545588607747, -23.5512269262958114 -46.7424365416641194, -23.5502139010881777 -46.7413904801483113, -23.5490336676996748 -46.7426886693115193)))\", \"lines\": null, \"community\": [4], \"creation_date\": \"2012-03-29 15:19:10\", \"geometry\": \"GEOMETRYCOLLECTION (POLYGON ((-23.5490336676996748 -46.7426886693115193, -23.5492352916540035 -46.7427959576721150, -23.5498991732206342 -46.7430373564834554, -23.5501696425273401 -46.7430641785736043, -23.5504351936688856 -46.7430373564834554, -23.5507056618727155 -46.7429300681228597, -23.5509072832626387 -46.7427691355819661, -23.5511187395100592 -46.7425545588607747, -23.5512269262958114 -46.7424365416641194, -23.5502139010881777 -46.7413904801483113, -23.5490336676996748 -46.7426886693115193)))\", \"points\": null, \"slug\": \"centro-educacional-unificado-ceu-jaguare\", \"description\": \"\\r\\nO CEU Jaguar\\u00e9, Centro Educacional Unificado atende a comunidade do Jaguar\\u00e9. O objetivo do CEU \\u00e9 \\r\\n - proporcionar o desenvolvimento integral de crian\\u00e7as, adolescentes, jovens e adultos, \\r\\n - ser p\\u00f3lo de desenvolvimento da comunidade, \\r\\n - ser p\\u00f3lo de desenvolvimento de inova\\u00e7\\u00f5es educacionais e de promover o protagonismo infantojuvenil.\"}}]", "revision": 54}}, {"pk": 56, "model": "reversion.version", "fields": {"format": "json", "object_repr": "Sociedade Benfeitora Jaguar\u00e9", "object_id": "9", "content_type": 26, "object_id_int": 9, "type": 1, "serialized_data": "[{\"pk\": 9, \"model\": \"organization.organization\", \"fields\": {\"name\": \"Sociedade Benfeitora Jaguar\\u00e9\", \"creator\": 1, \"polys\": \"MULTIPOLYGON (((-23.5412438616113739 -46.7422514692420918, -23.5414405795659221 -46.7423399821395833, -23.5417749994133345 -46.7424311772460896, -23.5417995890744365 -46.7421039477462728, -23.5416545100074899 -46.7420637146110494, -23.5416668048498785 -46.7419510618324239, -23.5415241846075034 -46.7419886127586324, -23.5413938590783509 -46.7420690790290791, -23.5413077949788665 -46.7421522275085408, -23.5412438616113739 -46.7422514692420918), (-23.5454276087831076 -46.7528715399580506, -23.5457644773827894 -46.7527293828802613, -23.5457792307323963 -46.7523270515280274, -23.5452874515202453 -46.7525657681303528, -23.5454276087831076 -46.7528715399580506)))\", \"lines\": null, \"community\": [4], \"creation_date\": \"2012-03-29 15:29:21\", \"geometry\": \"GEOMETRYCOLLECTION (POLYGON ((-23.5412438616113739 -46.7422514692420918, -23.5414405795659221 -46.7423399821395833, -23.5417749994133345 -46.7424311772460896, -23.5417995890744365 -46.7421039477462728, -23.5416545100074899 -46.7420637146110494, -23.5416668048498785 -46.7419510618324239, -23.5415241846075034 -46.7419886127586324, -23.5413938590783509 -46.7420690790290791, -23.5413077949788665 -46.7421522275085408, -23.5412438616113739 -46.7422514692420918), (-23.5454276087831076 -46.7528715399580506, -23.5457644773827894 -46.7527293828802613, -23.5457792307323963 -46.7523270515280274, -23.5452874515202453 -46.7525657681303528, -23.5454276087831076 -46.7528715399580506)))\", \"points\": null, \"slug\": \"sociedade-benfeitora-jaguare\", \"description\": \"### Miss\\u00e3o\\r\\n\\r\\nDesenvolver e implantar programas sociais, educativos, esportivos e econ\\u00f4micos que v\\u00e3o ao\\r\\nencontro com as necessidades da popula\\u00e7\\u00e3o em situa\\u00e7\\u00e3o de vulnerabilidade social. \\r\\n\\r\\n### Hist\\u00f3ria\\r\\n\\r\\nA Sociedade Benfeitora Jaguar\\u00e9 \\u00e9 uma ONG conveniada que tem como finalidade programar no bairro, medidas que visem \\u00e0 inclus\\u00e3o e inser\\u00e7\\u00e3o de cidad\\u00e3os que se encontre em situa\\u00e7\\u00e3o de vulnerabilidade social. A organiza\\u00e7\\u00e3o foi fundada por empres\\u00e1rios que se reuniam na regi\\u00e3o do Jaguar\\u00e9. Estes empres\\u00e1rios perceberam que havia neste bairro industrial da Zona Oeste do Munic\\u00edpio, uma grande demanda, pois sua popula\\u00e7\\u00e3o era constitu\\u00edda em grande parte por pessoas com baixa ou nenhuma renda. Havia, portanto a necessidade de criar uma organiza\\u00e7\\u00e3o sem fins lucrativos que pudesse atender seus moradores. No dia 01 de abril de 1958 foi fundada a Sociedade Benfeitora Jaguar\\u00e9.\"}}]", "revision": 55}}, {"pk": 57, "model": "reversion.version", "fields": {"format": "json", "object_repr": "Ac\u00famulo de lixo", "object_id": "10", "content_type": 20, "object_id_int": 10, "type": 0, "serialized_data": "[{\"pk\": 10, \"model\": \"need.need\", \"fields\": {\"target_audiences\": [], \"description\": \"faltam ca\\u00e7ambas\", \"title\": \"Ac\\u00famulo de lixo\", \"polys\": \"MULTIPOLYGON (((-23.5408651787204519 -46.7433216706390340, -23.5410225535607793 -46.7430427209014852, -23.5411799282127880 -46.7433645859832723, -23.5408651787204519 -46.7433216706390340), (-23.5440126397449099 -46.7414119378204305, -23.5439732969470512 -46.7416479722137410, -23.5438355970618396 -46.7414333954925496, -23.5440126397449099 -46.7414119378204305)))\", \"creator\": 2, \"lines\": null, \"community\": 4, \"creation_date\": \"2012-03-29 17:52:46\", \"geometry\": \"GEOMETRYCOLLECTION (POLYGON ((-23.5408651787204519 -46.7433216706390340, -23.5410225535607793 -46.7430427209014852, -23.5411799282127880 -46.7433645859832723, -23.5408651787204519 -46.7433216706390340), (-23.5440126397449099 -46.7414119378204305, -23.5439732969470512 -46.7416479722137410, -23.5438355970618396 -46.7414333954925496, -23.5440126397449099 -46.7414119378204305)))\", \"points\": null, \"last_update\": \"2012-03-29 17:52:46\", \"slug\": \"acumulo-de-lixo\", \"categories\": []}}]", "revision": 56}}, {"pk": 58, "model": "reversion.version", "fields": {"format": "json", "object_repr": "Pr\u00e9dio da Aquian\u00e9s", "object_id": "1", "content_type": 27, "object_id_int": 1, "type": 2, "serialized_data": "[{\"pk\": 1, \"model\": \"organization.organizationbranch\", \"fields\": {\"info\": \"\", \"name\": \"Pr\\u00e9dio da Aquian\\u00e9s\", \"creator\": 4, \"polys\": \"MULTIPOLYGON (((-23.5614338204034333 -46.7434602612381127, -23.5614879095617944 -46.7435621851806786, -23.5615124955354922 -46.7435246342544701, -23.5614829923664999 -46.7434012526397851, -23.5614338204034333 -46.7434602612381127)))\", \"lines\": null, \"creation_date\": \"2012-03-30 21:31:21\", \"geometry\": \"GEOMETRYCOLLECTION (POLYGON ((-23.5614338204034333 -46.7434602612381127, -23.5614879095617944 -46.7435621851806786, -23.5615124955354922 -46.7435246342544701, -23.5614829923664999 -46.7434012526397851, -23.5614338204034333 -46.7434602612381127)))\", \"points\": null, \"organization\": 2, \"slug\": \"predio-da-aquianes\"}}]", "revision": 57}}, {"pk": 59, "model": "reversion.version", "fields": {"format": "json", "object_repr": "comunidade", "object_id": "3", "content_type": 17, "object_id_int": 3, "type": 2, "serialized_data": "[{\"pk\": 3, \"model\": \"community.community\", \"fields\": {\"name\": \"comunidade\", \"creator\": 1, \"polys\": \"MULTIPOLYGON (((-23.5488572408417731 -46.6374529556114794, -23.5489260881728519 -46.6367716745216967, -23.5493785125944086 -46.6370506242592455, -23.5493342537523098 -46.6375012353737475, -23.5488572408417731 -46.6374529556114794)))\", \"description\": \"jckjsdh\", \"lines\": null, \"creation_date\": \"2012-03-23 14:29:24\", \"geometry\": \"GEOMETRYCOLLECTION (POLYGON ((-23.5488572408417731 -46.6374529556114794, -23.5489260881728519 -46.6367716745216967, -23.5493785125944086 -46.6370506242592455, -23.5493342537523098 -46.6375012353737475, -23.5488572408417731 -46.6374529556114794)))\", \"points\": null, \"last_update\": \"2012-03-23 14:29:24\", \"slug\": \"comunidade\", \"population\": 100000}}]", "revision": 58}}, {"pk": 60, "model": "reversion.version", "fields": {"format": "json", "object_repr": "Vila Nova Jaguar\u00e9", "object_id": "4", "content_type": 17, "object_id_int": 4, "type": 1, "serialized_data": "[{\"pk\": 4, \"model\": \"community.community\", \"fields\": {\"name\": \"Vila Nova Jaguar\\u00e9\", \"creator\": 1, \"polys\": \"MULTIPOLYGON (((-23.5402060000000013 -46.7430659999999989, -23.5405410000000010 -46.7425299999999879, -23.5403540000000007 -46.7422510000000102, -23.5411310000000000 -46.7413920000000189, -23.5416419999999995 -46.7410919999999805, -23.5445929999999990 -46.7414890000000014, -23.5453210000000013 -46.7415530000000103, -23.5459800000000001 -46.7416389999999637, -23.5486062111931140 -46.7426262724915773, -23.5485075470423375 -46.7427917325621820, -23.5476613926387088 -46.7424636661740465, -23.5467362382843390 -46.7422152291680391, -23.5464989439100485 -46.7425552043686707, -23.5477849050941508 -46.7430527645569214, -23.5477965782193692 -46.7433555215035312, -23.5475131885905427 -46.7437870244827991, -23.5467300267944637 -46.7444569113922626, -23.5456751400312179 -46.7444019365234453, -23.5440472910728964 -46.7441149609909417, -23.5437602049692636 -46.7439744828977837, -23.5435518041220888 -46.7436623434276726, -23.5434104025304762 -46.7433599295692375, -23.5434423429684934 -46.7427121865081858, -23.5430780000000013 -46.7423689999999965, -23.5423699999999982 -46.7420150000000376, -23.5417009999999998 -46.7418969999999945, -23.5410919999999990 -46.7420680000000175, -23.5411110000000008 -46.7424220000000332, -23.5412190000000017 -46.7427440000000161, -23.5414850000000015 -46.7430120000000215, -23.5416619999999988 -46.7431950000000143, -23.5415829999999993 -46.7435380000000009, -23.5412390000000009 -46.7435920000000351, -23.5402060000000013 -46.7430659999999989)))\", \"description\": \"### Localiza\\u00e7\\u00e3o\\r\\n\\r\\nA Vila Nova Jaguar\\u00e9 est\\u00e1 localizada na zona oeste de S\\u00e3o Paulo no bairro de Jaguar\\u00e9, sub-prefeitura de Lapa. Com 12.236 habitantes/ 3.612 fam\\u00edlias (2003, estimativa atual de 17.000 habitantes/ 6.000 fam\\u00edlias), at\\u00e9 2008 era considerada a maior favela da cidade em \\u00e1rea cont\\u00ednua (sem ruas pavimentadas).\\r\\n\\r\\n### Hist\\u00f3ria\\r\\n\\r\\nHenrique Dumont, dono da fazenda que  tinha no lugar do bairro Jaguar\\u00e9 doou \\u00e0 prefeitura uma \\u00e1rea de aproximadamente 150 mil m\\u00b2, para que nela fosse implantada uma \\u00e1rea de lazer. O espa\\u00e7o, no entanto, nunca foi aproveitado, e passou a ser invadido a partir das d\\u00e9cadas de 1950 e 60, com a intensifica\\u00e7\\u00e3o da migra\\u00e7\\u00e3o para a cidade. Hoje, a \\u00e1rea constitui a favela Vila Nova Jaguar\\u00e9 (166mil m2). O longo per\\u00edodo de recess\\u00e3o econ\\u00f4mica iniciado nos anos 70 e agravado nos anos 80, no entanto, afetou profundamente o distrito, com a sa\\u00edda e fechamento de v\\u00e1rias empresas.\\r\\n\\r\\nEm 1969 foi fundada a Uni\\u00e3o de Moradores da Vila Nova Jaguar\\u00e9 (R. Tr\\u00eas Arapongas, 10).\\r\\nA comunidade foi derrubada em 1994 pela prefeitura mas depois reconstruida pelos moradores.\\r\\n\\r\\nAtualmente a comunidade passa por um processo de reurbaniza\\u00e7\\u00e3o.\\r\\n\\r\\n\", \"lines\": null, \"creation_date\": \"2012-03-28 20:30:07\", \"geometry\": \"GEOMETRYCOLLECTION (POLYGON ((-23.5402060000000013 -46.7430659999999989, -23.5405410000000010 -46.7425299999999879, -23.5403540000000007 -46.7422510000000102, -23.5411310000000000 -46.7413920000000189, -23.5416419999999995 -46.7410919999999805, -23.5445929999999990 -46.7414890000000014, -23.5453210000000013 -46.7415530000000103, -23.5459800000000001 -46.7416389999999637, -23.5486062111931140 -46.7426262724915773, -23.5485075470423375 -46.7427917325621820, -23.5476613926387088 -46.7424636661740465, -23.5467362382843390 -46.7422152291680391, -23.5464989439100485 -46.7425552043686707, -23.5477849050941508 -46.7430527645569214, -23.5477965782193692 -46.7433555215035312, -23.5475131885905427 -46.7437870244827991, -23.5467300267944637 -46.7444569113922626, -23.5456751400312179 -46.7444019365234453, -23.5440472910728964 -46.7441149609909417, -23.5437602049692636 -46.7439744828977837, -23.5435518041220888 -46.7436623434276726, -23.5434104025304762 -46.7433599295692375, -23.5434423429684934 -46.7427121865081858, -23.5430780000000013 -46.7423689999999965, -23.5423699999999982 -46.7420150000000376, -23.5417009999999998 -46.7418969999999945, -23.5410919999999990 -46.7420680000000175, -23.5411110000000008 -46.7424220000000332, -23.5412190000000017 -46.7427440000000161, -23.5414850000000015 -46.7430120000000215, -23.5416619999999988 -46.7431950000000143, -23.5415829999999993 -46.7435380000000009, -23.5412390000000009 -46.7435920000000351, -23.5402060000000013 -46.7430659999999989)))\", \"points\": null, \"last_update\": \"2012-04-02 18:32:45\", \"slug\": \"vila-nova-jaguare\", \"population\": 17000}}]", "revision": 59}}, {"pk": 61, "model": "reversion.version", "fields": {"format": "json", "object_repr": "Asfaltar a rua pires brand\u00e3o", "object_id": "11", "content_type": 20, "object_id_int": 11, "type": 0, "serialized_data": "[{\"pk\": 11, \"model\": \"need.need\", \"fields\": {\"target_audiences\": [], \"description\": \"Ainda nao foi asfaltado\", \"title\": \"Asfaltar a rua pires brand\\u00e3o\", \"polys\": null, \"creator\": 2, \"lines\": \"MULTILINESTRING ((-23.5636391648496613 -46.7458903426056054, -23.5631277839270830 -46.7448603743438866))\", \"community\": 1, \"creation_date\": \"2012-04-03 14:09:17\", \"geometry\": \"GEOMETRYCOLLECTION (LINESTRING (-23.5636391648496613 -46.7458903426056054, -23.5631277839270830 -46.7448603743438866))\", \"points\": null, \"last_update\": \"2012-04-03 14:09:17\", \"slug\": \"asfaltar-a-rua-pires-brandao\", \"categories\": []}}]", "revision": 60}}, {"pk": 62, "model": "reversion.version", "fields": {"format": "json", "object_repr": "Pr\u00e9dio do Alavanca", "object_id": "2", "content_type": 27, "object_id_int": 2, "type": 0, "serialized_data": "[{\"pk\": 2, \"model\": \"organization.organizationbranch\", \"fields\": {\"info\": \"\", \"name\": \"Pr\\u00e9dio do Alavanca\", \"creator\": 4, \"polys\": \"MULTIPOLYGON (((-23.5616895144103538 -46.7433744305496361, -23.5617227054228415 -46.7433422440414574, -23.5618247370013059 -46.7434696489696648, -23.5617927753105540 -46.7435004943733361, -23.5616895144103538 -46.7433744305496361)))\", \"lines\": null, \"creation_date\": \"2012-04-03 18:08:16\", \"geometry\": \"GEOMETRYCOLLECTION (POLYGON ((-23.5616895144103538 -46.7433744305496361, -23.5617227054228415 -46.7433422440414574, -23.5618247370013059 -46.7434696489696648, -23.5617927753105540 -46.7435004943733361, -23.5616895144103538 -46.7433744305496361)))\", \"points\": null, \"organization\": 2, \"slug\": \"predio-do-alavanca\"}}]", "revision": 61}}, {"pk": 63, "model": "reversion.version", "fields": {"format": "json", "object_repr": "CDI", "object_id": "10", "content_type": 26, "object_id_int": 10, "type": 0, "serialized_data": "[{\"pk\": 10, \"model\": \"organization.organization\", \"fields\": {\"description\": \"O CDI - Comit\\u00ea de Democratiza\\u00e7\\u00e3o da Inform\\u00e1tica foi fundado em 1995. O CDI \\u00e9 uma organiza\\u00e7\\u00e3o sem fins lucrativos que visa transformar vidas e fortalecer comunidades de baixa renda atrav\\u00e9s do uso das tecnologias da informa\\u00e7\\u00e3o e comunica\\u00e7\\u00e3o (TICs).\", \"creator\": 2, \"community\": [], \"creation_date\": \"2012-04-03 19:05:27\", \"contact\": \"\", \"link\": \"http://cdi.org.br\", \"slug\": \"cdi\", \"name\": \"CDI\"}}]", "revision": 62}}, {"pk": 64, "model": "reversion.version", "fields": {"format": "json", "object_repr": "Matriz", "object_id": "3", "content_type": 27, "object_id_int": 3, "type": 0, "serialized_data": "[{\"pk\": 3, \"model\": \"organization.organizationbranch\", \"fields\": {\"info\": \"\", \"name\": \"Matriz\", \"creator\": 2, \"polys\": \"MULTIPOLYGON (((-22.9357585298400863 -43.1911410515899661, -22.9355312749355278 -43.1910364454383853, -22.9356016745934816 -43.1909492736454013, -22.9357980523932490 -43.1910444920654299, -22.9357585298400863 -43.1911410515899661)))\", \"lines\": null, \"creation_date\": \"2012-04-03 19:13:02\", \"geometry\": \"GEOMETRYCOLLECTION (POLYGON ((-22.9357585298400863 -43.1911410515899661, -22.9355312749355278 -43.1910364454383853, -22.9356016745934816 -43.1909492736454013, -22.9357980523932490 -43.1910444920654299, -22.9357585298400863 -43.1911410515899661)))\", \"points\": null, \"organization\": 10, \"slug\": \"matriz\"}}]", "revision": 63}}, {"pk": 65, "model": "reversion.version", "fields": {"format": "json", "object_repr": "Lix\u00e3o ", "object_id": "12", "content_type": 20, "object_id_int": 12, "type": 0, "serialized_data": "[{\"pk\": 12, \"model\": \"need.need\", \"fields\": {\"target_audiences\": [], \"description\": \"Acumulo de entulho nessa \\u00e1rea\", \"title\": \"Lix\\u00e3o \", \"polys\": \"MULTIPOLYGON (((-23.5471501899706652 -46.7435040608520467, -23.5476222913610940 -46.7437830105895955, -23.5478189997734439 -46.7431821957702596, -23.5472485445667914 -46.7429676190490682, -23.5471501899706652 -46.7435040608520467)))\", \"creator\": 2, \"lines\": null, \"community\": 4, \"creation_date\": \"2012-04-03 22:13:33\", \"geometry\": \"GEOMETRYCOLLECTION (POLYGON ((-23.5471501899706652 -46.7435040608520467, -23.5476222913610940 -46.7437830105895955, -23.5478189997734439 -46.7431821957702596, -23.5472485445667914 -46.7429676190490682, -23.5471501899706652 -46.7435040608520467)))\", \"points\": null, \"last_update\": \"2012-04-03 22:13:33\", \"slug\": \"lixao\", \"categories\": []}}]", "revision": 64}}, {"pk": 66, "model": "reversion.version", "fields": {"format": "json", "object_repr": "Test", "object_id": "5", "content_type": 25, "object_id_int": 5, "type": 1, "serialized_data": "[{\"pk\": 5, \"model\": \"komoo_resource.resource\", \"fields\": {\"kind\": 1, \"name\": \"Test\", \"creator\": 8, \"polys\": null, \"lines\": null, \"community\": null, \"creation_date\": \"2012-04-04 17:45:19\", \"geometry\": \"GEOMETRYCOLLECTION (POINT (-23.5749127172675124 -46.7294361111449916))\", \"points\": \"MULTIPOINT (-23.5749127172675124 -46.7294361111449916)\", \"last_update\": \"2012-04-04 17:45:19\", \"description\": \"test\"}}]", "revision": 65}}, {"pk": 67, "model": "reversion.version", "fields": {"format": "json", "object_repr": "Associa\u00e7\u00e3o S\u00f3cio-Educativa e Cultural Projeto Alavanca Brasil", "object_id": "2", "content_type": 26, "object_id_int": 2, "type": 1, "serialized_data": "[{\"pk\": 2, \"model\": \"organization.organization\", \"fields\": {\"description\": \"O [Projeto Alavanca Brasil](http://www.projeto-alavanca.org \\\"Projeto Alavanca Brasil\\\")  \\u00e9 uma organiza\\u00e7\\u00e3o Social sem fins lucrativos. Atua na \\u00e1rea do desenvolvimento comunit\\u00e1rio atrav\\u00e9s da educa\\u00e7\\u00e3o, cultura e lazer. T\\u00eam como objetivo fomentar o desenvolvimento educacional,pessoal e social de crian\\u00e7as, jovens e fam\\u00edlias das comunidades do Jardim S\\u00e3o Remo, localizada no Bairro do Butant\\u00e3, Zona Oeste de S\\u00e3o Paulo.\\r\\nO Projeto Alavanca atua em dois eixos educa\\u00e7\\u00e3o e a\\u00e7\\u00f5es comunit\\u00e1rias, com crian\\u00e7as a partir dos seis anos de idade, jovens e adultos, promovendo atividades de educa\\u00e7\\u00e3o integral, e capacidade de an\\u00e1lise cr\\u00edtica, fortalecendo-os como protagonistas e buscando melhorias para a Comunidade S\\u00e3o Remo]]. O Projeto busca se articular com os diversos atores sociais da comunidade para responder \\u00e0s necessidades de sua popula\\u00e7\\u00e3o, tendo como base o princ\\u00edpio do desenvolvimento integral dos indiv\\u00edduos. Al\\u00e9m das pr\\u00f3prias atividades, o Projeto Alavanca deu in\\u00edcio as suas atividades em agosto de 2004, no entanto sua funda\\u00e7\\u00e3o em maio de 2005.\", \"creator\": 1, \"community\": [1], \"creation_date\": \"2012-03-28 15:47:04\", \"contact\": \"\", \"link\": \"\", \"target_audiences\": [], \"slug\": \"associacao-socio-educativa-e-cultural-projeto-alavanca-brasil\", \"categories\": [], \"name\": \"Associa\\u00e7\\u00e3o S\\u00f3cio-Educativa e Cultural Projeto Alavanca Brasil\"}}]", "revision": 66}}, {"pk": 68, "model": "reversion.version", "fields": {"format": "json", "object_repr": "Comment object", "object_id": "1", "content_type": 22, "object_id_int": 1, "type": 1, "serialized_data": "[{\"pk\": 1, \"model\": \"komoo_comments.comment\", \"fields\": {\"comment\": \"concordo\", \"parent\": null, \"author\": 2, \"object_id\": 11, \"content_type\": 20, \"pub_date\": \"2012-04-08 16:05:35\", \"sub_comments\": 0}}]", "revision": 67}}, {"pk": 69, "model": "reversion.version", "fields": {"format": "json", "object_repr": "Realizar reuni\u00e1o de moradores", "object_id": "1", "content_type": 21, "object_id_int": 1, "type": 0, "serialized_data": "[{\"pk\": 1, \"model\": \"proposal.proposal\", \"fields\": {\"description\": \"Precisamos chamar os moradores que residem nessa rua ...\", \"title\": \"Realizar reuni\\u00e1o de moradores\", \"creator\": 2, \"number\": 1, \"realizers\": [], \"last_update\": \"2012-04-08 16:07:39\", \"report\": \"\", \"cost\": \"12000\", \"need\": 11, \"creation_date\": \"2012-04-08 16:07:39\"}}]", "revision": 68}}, {"pk": 71, "model": "reversion.version", "fields": {"format": "json", "object_repr": "Sede", "object_id": "4", "content_type": 27, "object_id_int": 4, "type": 0, "serialized_data": "[{\"pk\": 4, \"model\": \"organization.organizationbranch\", \"fields\": {\"info\": \"\", \"name\": \"Sede\", \"creator\": 2, \"polys\": \"MULTIPOLYGON (((-25.4331026850492741 -49.2718232182464817, -25.4330590842000497 -49.2716730145416477, -25.4332237984365541 -49.2715871838531712, -25.4332770882883707 -49.2717481163940647, -25.4331026850492741 -49.2718232182464817)))\", \"lines\": null, \"creation_date\": \"2012-04-08 18:08:21\", \"geometry\": \"GEOMETRYCOLLECTION (POLYGON ((-25.4331026850492741 -49.2718232182464817, -25.4330590842000497 -49.2716730145416477, -25.4332237984365541 -49.2715871838531712, -25.4332770882883707 -49.2717481163940647, -25.4331026850492741 -49.2718232182464817)))\", \"points\": null, \"organization\": 11, \"slug\": \"sede\"}}]", "revision": 69}}, {"pk": 72, "model": "reversion.version", "fields": {"format": "json", "object_repr": "Ciranda - Central de Not\u00edcias para os Direitos da Inf\u00e2ncia e Adolesc\u00eancia", "object_id": "11", "content_type": 26, "object_id_int": 11, "type": 1, "serialized_data": "[{\"pk\": 11, \"model\": \"organization.organization\", \"fields\": {\"description\": \"\", \"creator\": 2, \"community\": [], \"creation_date\": \"2012-04-08 18:08:21\", \"contact\": \"\", \"link\": \"http://ciranda.org.br\", \"target_audiences\": [], \"slug\": \"ciranda-central-de-noticias-para-os-direitos-da-infancia-e-adolescencia\", \"categories\": [], \"name\": \"Ciranda - Central de Not\\u00edcias para os Direitos da Inf\\u00e2ncia e Adolesc\\u00eancia\"}}]", "revision": 70}}, {"pk": 73, "model": "reversion.version", "fields": {"format": "json", "object_repr": "ett", "object_id": "6", "content_type": 25, "object_id_int": 6, "type": 1, "serialized_data": "[{\"pk\": 6, \"model\": \"komoo_resource.resource\", \"fields\": {\"kind\": 5, \"name\": \"ett\", \"creator\": 10, \"polys\": null, \"lines\": null, \"community\": null, \"creation_date\": \"2012-04-09 14:04:15\", \"geometry\": \"GEOMETRYCOLLECTION EMPTY\", \"points\": null, \"last_update\": \"2012-04-09 14:04:15\", \"description\": \"teste\"}}]", "revision": 71}}, {"pk": 74, "model": "reversion.version", "fields": {"format": "json", "object_repr": "American\u00f3polis", "object_id": "5", "content_type": 17, "object_id_int": 5, "type": 0, "serialized_data": "[{\"pk\": 5, \"model\": \"community.community\", \"fields\": {\"name\": \"American\\u00f3polis\", \"creator\": 11, \"polys\": \"MULTIPOLYGON (((-23.6741470264928253 -46.6546576851730492, -23.6740561365282076 -46.6544028753166344, -23.6739505075710071 -46.6541453832512047, -23.6741175486733901 -46.6540702813987878, -23.6740487670688537 -46.6539683574562218, -23.6741322875839408 -46.6537108653907922, -23.6746235836509946 -46.6541775697593835, -23.6744246089663797 -46.6546254986648705, -23.6744123265685218 -46.6546603673820641, -23.6742944154902446 -46.6546147698288109, -23.6742330034282027 -46.6545933121566918, -23.6741961561771106 -46.6546067232017663, -23.6741470264928253 -46.6546576851730492)))\", \"description\": \"Uma comunidade situada na subprefeitura Jabaquara.\", \"lines\": null, \"creation_date\": \"2012-04-09 14:07:29\", \"geometry\": \"GEOMETRYCOLLECTION (POLYGON ((-23.6741470264928253 -46.6546576851730492, -23.6740561365282076 -46.6544028753166344, -23.6739505075710071 -46.6541453832512047, -23.6741175486733901 -46.6540702813987878, -23.6740487670688537 -46.6539683574562218, -23.6741322875839408 -46.6537108653907922, -23.6746235836509946 -46.6541775697593835, -23.6744246089663797 -46.6546254986648705, -23.6744123265685218 -46.6546603673820641, -23.6742944154902446 -46.6546147698288109, -23.6742330034282027 -46.6545933121566918, -23.6741961561771106 -46.6546067232017663, -23.6741470264928253 -46.6546576851730492)))\", \"points\": null, \"last_update\": \"2012-04-09 14:07:29\", \"slug\": \"americanopolis\", \"population\": null}}]", "revision": 72}}, {"pk": 75, "model": "reversion.version", "fields": {"format": "json", "object_repr": "Aldeia do Futuro", "object_id": "17", "content_type": 26, "object_id_int": 17, "type": 0, "serialized_data": "[{\"pk\": 17, \"model\": \"organization.organization\", \"fields\": {\"description\": \"\", \"creator\": 11, \"community\": [], \"creation_date\": \"2012-04-09 14:35:36\", \"contact\": \"Rua Jorge Rubens Neiva de Camargo, 228\\r\\nBairro: American\\u00f3polis - Cep: 04337-090\\r\\nS\\u00e3o Paulo - SP\\r\\nFones: (11) 5563-4436 / 5677-1298 / 5563-0452\\r\\nE-mail: aldeiadofututo@alfdeiadofuturo.org.br\", \"link\": \"http://www.aldeiadofuturo.org.br\", \"target_audiences\": [], \"slug\": \"aldeia-do-futuro\", \"categories\": [], \"name\": \"Aldeia do Futuro\"}}]", "revision": 73}}, {"pk": 76, "model": "reversion.version", "fields": {"format": "json", "object_repr": "Aldeia do Futuro", "object_id": "17", "content_type": 26, "object_id_int": 17, "type": 1, "serialized_data": "[{\"pk\": 17, \"model\": \"organization.organization\", \"fields\": {\"description\": \"\", \"creator\": 11, \"community\": [5], \"creation_date\": \"2012-04-09 14:35:36\", \"contact\": \"Rua Jorge Rubens Neiva de Camargo, 228\\r\\nBairro: American\\u00f3polis - Cep: 04337-090\\r\\nS\\u00e3o Paulo - SP\\r\\nFones: (11) 5563-4436 / 5677-1298 / 5563-0452\\r\\nE-mail: aldeiadofututo@alfdeiadofuturo.org.br\", \"link\": \"http://www.aldeiadofuturo.org.br\", \"target_audiences\": [13, 21], \"slug\": \"aldeia-do-futuro\", \"categories\": [], \"name\": \"Aldeia do Futuro\"}}]", "revision": 74}}, {"pk": 1, "model": "fileupload.uploadedfile", "fields": {"content_type": 25, "file": "upload/1332348754188.jpg", "object_id": 2}}, {"pk": 2, "model": "fileupload.uploadedfile", "fields": {"content_type": 25, "file": "upload/1332950619948.JPG", "object_id": 3}}, {"pk": 3, "model": "fileupload.uploadedfile", "fields": {"content_type": 26, "file": "upload/1333908495555.gif", "object_id": 11}}, {"pk": 2, "model": "community.community", "fields": {"name": "Real Parque", "creator": 2, "polys": "MULTIPOLYGON (((-23.6055051029359859 -46.6990023677062709, -23.6049938851162757 -46.7027360026550014, -23.6026343924266229 -46.7057829920959193, -23.6014939557401391 -46.7082720820617396, -23.6037354942988493 -46.7110186640929896, -23.6079038676227704 -46.7120057170104701, -23.6107744627521470 -46.7123919551086146, -23.6134877072058522 -46.7121344630431850, -23.6158076832777013 -46.7122632090758998, -23.6169086745006069 -46.7077141825866420, -23.6170266372972719 -46.7036372248840053, -23.6167513906065381 -46.7021781031799037, -23.6135663511350167 -46.7011910502624232, -23.6105778486527598 -46.7004185740661342, -23.6054657785590898 -46.6994315211486537, -23.6055051029359859 -46.6990023677062709)))", "description": "Fica do lado da marginal. O Casulo trabalha ali.", "lines": null, "creation_date": "2012-03-22 12:39:23", "geometry": "GEOMETRYCOLLECTION (POLYGON ((-23.6055051029359859 -46.6990023677062709, -23.6049938851162757 -46.7027360026550014, -23.6026343924266229 -46.7057829920959193, -23.6014939557401391 -46.7082720820617396, -23.6037354942988493 -46.7110186640929896, -23.6079038676227704 -46.7120057170104701, -23.6107744627521470 -46.7123919551086146, -23.6134877072058522 -46.7121344630431850, -23.6158076832777013 -46.7122632090758998, -23.6169086745006069 -46.7077141825866420, -23.6170266372972719 -46.7036372248840053, -23.6167513906065381 -46.7021781031799037, -23.6135663511350167 -46.7011910502624232, -23.6105778486527598 -46.7004185740661342, -23.6054657785590898 -46.6994315211486537, -23.6055051029359859 -46.6990023677062709)))", "points": null, "last_update": "2012-03-22 12:39:23", "slug": "real-parque", "population": 123000}}, {"pk": 1, "model": "community.community", "fields": {"name": "Jardim S\u00e3o Remo", "creator": 1, "polys": "MULTIPOLYGON (((-23.5626940000000005 -46.7465660000000298, -23.5624429999999982 -46.7462120000000141, -23.5621730000000014 -46.7459920000000011, -23.5619070000000015 -46.7458689999999706, -23.5616120000000002 -46.7456919999999627, -23.5613419999999998 -46.7454070000000002, -23.5610469999999985 -46.7450000000000045, -23.5602990000000005 -46.7439380000000142, -23.5602258275848655 -46.7436803644180259, -23.5602230758630888 -46.7435111355819686, -23.5602217000022165 -46.7434345677909846, -23.5602990000000005 -46.7433580000000006, -23.5604469999999999 -46.7433210000000372, -23.5606289999999987 -46.7432299999999827, -23.5608989999999991 -46.7429720000000088, -23.5611889999999988 -46.7427410000000236, -23.5615190000000005 -46.7426020000000335, -23.5617449999999984 -46.7426770000000147, -23.5618189999999998 -46.7427089999999907, -23.5620450000000012 -46.7425000000000068, -23.5622270000000000 -46.7422750000000065, -23.5624779999999987 -46.7420650000000251, -23.5627430000000011 -46.7418830000000298, -23.5630279999999992 -46.7417920000000322, -23.5632349999999988 -46.7417599999999993, -23.5633230000000005 -46.7419039999999768, -23.5631510000000013 -46.7420869999999695, -23.5628369999999983 -46.7423499999999876, -23.5627780000000016 -46.7424300000000130, -23.5629789999999986 -46.7426289999999653, -23.5631610000000009 -46.7429449999999633, -23.5633480000000013 -46.7431970000000092, -23.5635149999999989 -46.7434489999999983, -23.5636629999999982 -46.7436690000000112, -23.5628320000000002 -46.7442780000000084, -23.5630659999999992 -46.7445989999999938, -23.5632050000000000 -46.7447839999999815, -23.5633640000000000 -46.7446800000000167, -23.5635140000000014 -46.7445940000000064, -23.5635669999999990 -46.7445609999999760, -23.5636790000000005 -46.7447290000000066, -23.5638110000000012 -46.7449310000000082, -23.5639290000000017 -46.7451399999999921, -23.5636289999999988 -46.7454319999999939, -23.5638250000000014 -46.7457400000000121, -23.5626940000000005 -46.7465660000000298)))", "description": "Jardim S\u00e3o Remo \u00e9 uma comunidade de baixa renda vizinha \u00e0 Cidade Universit\u00e1ria (USP),localizada no bairro de Butant\u00e3 na zona oeste da cidade de S\u00e3o Paulo.\r\n\r\nA comunidade S\u00e3o Remo tem suas origens na entre as **d\u00e9cadas de 60 e 70**, quando diversos trabalhadores migraram do Nordeste brasileiro com suas fam\u00edlias para trabalhar na constru\u00e7\u00e3o das faculdades da Universidade de S\u00e3o Paulo. Ap\u00f3s a constru\u00e7\u00e3o das faculdades, os trabalhadores permaneceram nos alojamentos criados pela empresa que administrava as obras. Estes alojamentos se tornaram o embri\u00e3o do que hoje \u00e9 a comunidade. Nesta \u00e9poca eram aproximadamente 500 fam\u00edlias, hoje a comunidade conta com mais de **13.000 moradores**.\r\n", "lines": null, "creation_date": "2012-03-19 22:01:01", "geometry": "GEOMETRYCOLLECTION (POLYGON ((-23.5626940000000005 -46.7465660000000298, -23.5624429999999982 -46.7462120000000141, -23.5621730000000014 -46.7459920000000011, -23.5619070000000015 -46.7458689999999706, -23.5616120000000002 -46.7456919999999627, -23.5613419999999998 -46.7454070000000002, -23.5610469999999985 -46.7450000000000045, -23.5602990000000005 -46.7439380000000142, -23.5602258275848655 -46.7436803644180259, -23.5602230758630888 -46.7435111355819686, -23.5602217000022165 -46.7434345677909846, -23.5602990000000005 -46.7433580000000006, -23.5604469999999999 -46.7433210000000372, -23.5606289999999987 -46.7432299999999827, -23.5608989999999991 -46.7429720000000088, -23.5611889999999988 -46.7427410000000236, -23.5615190000000005 -46.7426020000000335, -23.5617449999999984 -46.7426770000000147, -23.5618189999999998 -46.7427089999999907, -23.5620450000000012 -46.7425000000000068, -23.5622270000000000 -46.7422750000000065, -23.5624779999999987 -46.7420650000000251, -23.5627430000000011 -46.7418830000000298, -23.5630279999999992 -46.7417920000000322, -23.5632349999999988 -46.7417599999999993, -23.5633230000000005 -46.7419039999999768, -23.5631510000000013 -46.7420869999999695, -23.5628369999999983 -46.7423499999999876, -23.5627780000000016 -46.7424300000000130, -23.5629789999999986 -46.7426289999999653, -23.5631610000000009 -46.7429449999999633, -23.5633480000000013 -46.7431970000000092, -23.5635149999999989 -46.7434489999999983, -23.5636629999999982 -46.7436690000000112, -23.5628320000000002 -46.7442780000000084, -23.5630659999999992 -46.7445989999999938, -23.5632050000000000 -46.7447839999999815, -23.5633640000000000 -46.7446800000000167, -23.5635140000000014 -46.7445940000000064, -23.5635669999999990 -46.7445609999999760, -23.5636790000000005 -46.7447290000000066, -23.5638110000000012 -46.7449310000000082, -23.5639290000000017 -46.7451399999999921, -23.5636289999999988 -46.7454319999999939, -23.5638250000000014 -46.7457400000000121, -23.5626940000000005 -46.7465660000000298)))", "points": null, "last_update": "2012-03-28 16:06:04", "slug": "jardim-sao-remo", "population": 13000}}, {"pk": 4, "model": "community.community", "fields": {"name": "Vila Nova Jaguar\u00e9", "creator": 1, "polys": "MULTIPOLYGON (((-23.5402060000000013 -46.7430659999999989, -23.5405410000000010 -46.7425299999999879, -23.5403540000000007 -46.7422510000000102, -23.5411310000000000 -46.7413920000000189, -23.5416419999999995 -46.7410919999999805, -23.5445929999999990 -46.7414890000000014, -23.5453210000000013 -46.7415530000000103, -23.5459800000000001 -46.7416389999999637, -23.5486062111931140 -46.7426262724915773, -23.5485075470423375 -46.7427917325621820, -23.5476613926387088 -46.7424636661740465, -23.5467362382843390 -46.7422152291680391, -23.5464989439100485 -46.7425552043686707, -23.5477849050941508 -46.7430527645569214, -23.5477965782193692 -46.7433555215035312, -23.5475131885905427 -46.7437870244827991, -23.5467300267944637 -46.7444569113922626, -23.5456751400312179 -46.7444019365234453, -23.5440472910728964 -46.7441149609909417, -23.5437602049692636 -46.7439744828977837, -23.5435518041220888 -46.7436623434276726, -23.5434104025304762 -46.7433599295692375, -23.5434423429684934 -46.7427121865081858, -23.5430780000000013 -46.7423689999999965, -23.5423699999999982 -46.7420150000000376, -23.5417009999999998 -46.7418969999999945, -23.5410919999999990 -46.7420680000000175, -23.5411110000000008 -46.7424220000000332, -23.5412190000000017 -46.7427440000000161, -23.5414850000000015 -46.7430120000000215, -23.5416619999999988 -46.7431950000000143, -23.5415829999999993 -46.7435380000000009, -23.5412390000000009 -46.7435920000000351, -23.5402060000000013 -46.7430659999999989)))", "description": "### Localiza\u00e7\u00e3o\r\n\r\nA Vila Nova Jaguar\u00e9 est\u00e1 localizada na zona oeste de S\u00e3o Paulo no bairro de Jaguar\u00e9, sub-prefeitura de Lapa. Com 12.236 habitantes/ 3.612 fam\u00edlias (2003, estimativa atual de 17.000 habitantes/ 6.000 fam\u00edlias), at\u00e9 2008 era considerada a maior favela da cidade em \u00e1rea cont\u00ednua (sem ruas pavimentadas).\r\n\r\n### Hist\u00f3ria\r\n\r\nHenrique Dumont, dono da fazenda que  tinha no lugar do bairro Jaguar\u00e9 doou \u00e0 prefeitura uma \u00e1rea de aproximadamente 150 mil m\u00b2, para que nela fosse implantada uma \u00e1rea de lazer. O espa\u00e7o, no entanto, nunca foi aproveitado, e passou a ser invadido a partir das d\u00e9cadas de 1950 e 60, com a intensifica\u00e7\u00e3o da migra\u00e7\u00e3o para a cidade. Hoje, a \u00e1rea constitui a favela Vila Nova Jaguar\u00e9 (166mil m2). O longo per\u00edodo de recess\u00e3o econ\u00f4mica iniciado nos anos 70 e agravado nos anos 80, no entanto, afetou profundamente o distrito, com a sa\u00edda e fechamento de v\u00e1rias empresas.\r\n\r\nEm 1969 foi fundada a Uni\u00e3o de Moradores da Vila Nova Jaguar\u00e9 (R. Tr\u00eas Arapongas, 10).\r\nA comunidade foi derrubada em 1994 pela prefeitura mas depois reconstruida pelos moradores.\r\n\r\nAtualmente a comunidade passa por um processo de reurbaniza\u00e7\u00e3o.\r\n\r\n", "lines": null, "creation_date": "2012-03-28 20:30:07", "geometry": "GEOMETRYCOLLECTION (POLYGON ((-23.5402060000000013 -46.7430659999999989, -23.5405410000000010 -46.7425299999999879, -23.5403540000000007 -46.7422510000000102, -23.5411310000000000 -46.7413920000000189, -23.5416419999999995 -46.7410919999999805, -23.5445929999999990 -46.7414890000000014, -23.5453210000000013 -46.7415530000000103, -23.5459800000000001 -46.7416389999999637, -23.5486062111931140 -46.7426262724915773, -23.5485075470423375 -46.7427917325621820, -23.5476613926387088 -46.7424636661740465, -23.5467362382843390 -46.7422152291680391, -23.5464989439100485 -46.7425552043686707, -23.5477849050941508 -46.7430527645569214, -23.5477965782193692 -46.7433555215035312, -23.5475131885905427 -46.7437870244827991, -23.5467300267944637 -46.7444569113922626, -23.5456751400312179 -46.7444019365234453, -23.5440472910728964 -46.7441149609909417, -23.5437602049692636 -46.7439744828977837, -23.5435518041220888 -46.7436623434276726, -23.5434104025304762 -46.7433599295692375, -23.5434423429684934 -46.7427121865081858, -23.5430780000000013 -46.7423689999999965, -23.5423699999999982 -46.7420150000000376, -23.5417009999999998 -46.7418969999999945, -23.5410919999999990 -46.7420680000000175, -23.5411110000000008 -46.7424220000000332, -23.5412190000000017 -46.7427440000000161, -23.5414850000000015 -46.7430120000000215, -23.5416619999999988 -46.7431950000000143, -23.5415829999999993 -46.7435380000000009, -23.5412390000000009 -46.7435920000000351, -23.5402060000000013 -46.7430659999999989)))", "points": null, "last_update": "2012-04-02 18:32:45", "slug": "vila-nova-jaguare", "population": 17000}}, {"pk": 5, "model": "community.community", "fields": {"name": "American\u00f3polis", "creator": 11, "polys": "MULTIPOLYGON (((-23.6741470264928253 -46.6546576851730492, -23.6740561365282076 -46.6544028753166344, -23.6739505075710071 -46.6541453832512047, -23.6741175486733901 -46.6540702813987878, -23.6740487670688537 -46.6539683574562218, -23.6741322875839408 -46.6537108653907922, -23.6746235836509946 -46.6541775697593835, -23.6744246089663797 -46.6546254986648705, -23.6744123265685218 -46.6546603673820641, -23.6742944154902446 -46.6546147698288109, -23.6742330034282027 -46.6545933121566918, -23.6741961561771106 -46.6546067232017663, -23.6741470264928253 -46.6546576851730492)))", "description": "Uma comunidade situada na subprefeitura Jabaquara.", "lines": null, "creation_date": "2012-04-09 14:07:29", "geometry": "GEOMETRYCOLLECTION (POLYGON ((-23.6741470264928253 -46.6546576851730492, -23.6740561365282076 -46.6544028753166344, -23.6739505075710071 -46.6541453832512047, -23.6741175486733901 -46.6540702813987878, -23.6740487670688537 -46.6539683574562218, -23.6741322875839408 -46.6537108653907922, -23.6746235836509946 -46.6541775697593835, -23.6744246089663797 -46.6546254986648705, -23.6744123265685218 -46.6546603673820641, -23.6742944154902446 -46.6546147698288109, -23.6742330034282027 -46.6545933121566918, -23.6741961561771106 -46.6546067232017663, -23.6741470264928253 -46.6546576851730492)))", "points": null, "last_update": "2012-04-09 14:07:29", "slug": "americanopolis", "population": null}}, {"pk": 1, "model": "need.needcategory", "fields": {"name": "Culture"}}, {"pk": 2, "model": "need.needcategory", "fields": {"name": "Education"}}, {"pk": 3, "model": "need.needcategory", "fields": {"name": "Environment"}}, {"pk": 4, "model": "need.needcategory", "fields": {"name": "Health"}}, {"pk": 5, "model": "need.needcategory", "fields": {"name": "Housing"}}, {"pk": 6, "model": "need.needcategory", "fields": {"name": "Local Economy"}}, {"pk": 7, "model": "need.needcategory", "fields": {"name": "Mobility"}}, {"pk": 8, "model": "need.needcategory", "fields": {"name": "Social Service"}}, {"pk": 9, "model": "need.needcategory", "fields": {"name": "Sport"}}, {"pk": 14, "model": "need.targetaudience", "fields": {"name": "lea"}}, {"pk": 1, "model": "need.targetaudience", "fields": {"name": "todos"}}, {"pk": 2, "model": "need.targetaudience", "fields": {"name": "crian\u00e7as (0-6)"}}, {"pk": 3, "model": "need.targetaudience", "fields": {"name": "crian\u00e7as (7-12)"}}, {"pk": 4, "model": "need.targetaudience", "fields": {"name": "adolescentes (13-17)"}}, {"pk": 5, "model": "need.targetaudience", "fields": {"name": "jovens (18-25)"}}, {"pk": 6, "model": "need.targetaudience", "fields": {"name": "adultos (26-59)"}}, {"pk": 7, "model": "need.targetaudience", "fields": {"name": "idosos (>60)"}}, {"pk": 8, "model": "need.targetaudience", "fields": {"name": "afrodescentes"}}, {"pk": 9, "model": "need.targetaudience", "fields": {"name": "LGTB"}}, {"pk": 10, "model": "need.targetaudience", "fields": {"name": "pessoas com defici\u00eancia"}}, {"pk": 11, "model": "need.targetaudience", "fields": {"name": "ind\u00edgenas"}}, {"pk": 12, "model": "need.targetaudience", "fields": {"name": "lideran\u00e7as"}}, {"pk": 13, "model": "need.targetaudience", "fields": {"name": "mulheres"}}, {"pk": 15, "model": "need.targetaudience", "fields": {"name": "moradores"}}, {"pk": 21, "model": "need.targetaudience", "fields": {"name": "jovens"}}, {"pk": 1, "model": "need.need", "fields": {"target_audiences": [5], "description": "Falta escola", "title": "Escola de Ensino Medio", "polys": null, "creator": 2, "lines": null, "community": 2, "creation_date": "2012-03-22 12:55:19", "geometry": "GEOMETRYCOLLECTION EMPTY", "points": null, "last_update": "2012-03-22 12:55:19", "slug": "escola-de-ensino-medio", "categories": [1]}}, {"pk": 3, "model": "need.need", "fields": {"target_audiences": [2, 3], "description": "80,6% dos moradores do Jardim S\u00e3o Remo entrevistados pelo programa da Plataforma de Centros Urbanos da UNICEF (2009) acharam que falta lugar na comunidade para as crian\u00e7as pequenas brincarem.\r\n\r\nOs moradores constataram os seguintes problemas:\r\n\r\nO quadra da S\u00e3o remo \u00e9 muito disputada e n\u00e3o h\u00e1 seguran\u00e7a para as crian\u00e7as de 0 a 6 anos;\r\nO circo escola aos s\u00e1bados e domingo fica fechado, a comunidade gostaria que esse local fosse aberto nos finais de semana, para as crian\u00e7as brincarem com a presen\u00e7a de um monitor.", "title": "Necessidade de espa\u00e7o recreativo para crian\u00e7as no Jardim S\u00e3o Remo", "polys": null, "creator": 1, "lines": null, "community": 1, "creation_date": "2012-03-28 16:17:32", "geometry": "GEOMETRYCOLLECTION (POINT (-23.5621738565016869 -46.7427360648040917))", "points": "MULTIPOINT (-23.5621738565016869 -46.7427360648040917)", "last_update": "2012-03-28 16:17:32", "slug": "necessidade-de-espaco-recreativo-para-criancas-no-jardim-sao-remo", "categories": [3, 9]}}, {"pk": 7, "model": "need.need", "fields": {"target_audiences": [4, 5], "description": "Nas discuss\u00f5es do programa da Plataforma de Centros Urbanos no Jardim S\u00e3o Remo em 2009 surguiu a necessidade de oferecer programas educativos e culturais sobre sexualidade para os jovens da comunidade para prevenir HIV/AIDS e outras doen\u00e7as sexualmente transmiss\u00edveis.\r\n\r\nAqui as falas dos moradores:\r\n\r\nAs pessoas n\u00e3o sabem das conseq\u00fc\u00eancias e acham que se for sem preservativo uma vez n\u00e3o ter\u00e1 problema.\r\nAs pessoas sabem dos problemas, mas a preven\u00e7\u00e3o deveria ser cultural.\r\nDiscutir sobre HIV \u00e9 pouco, deveria ser discutida a sexualidade em si.", "title": "Programas educativos e culturais sobre sexualidade e HIV", "polys": null, "creator": 1, "lines": null, "community": 1, "creation_date": "2012-03-28 18:41:56", "geometry": "GEOMETRYCOLLECTION EMPTY", "points": null, "last_update": "2012-03-28 18:41:56", "slug": "programas-educativos-e-culturais-sobre-sexualidade-e-hiv", "categories": [1, 2, 5]}}, {"pk": 6, "model": "need.need", "fields": {"target_audiences": [15], "description": "Nos workshops do programa da Plataforma de Centros Urbanos da UNICEF foram levantadas as seguintes necessidades referentes \u00e0s atitudes e ao comportamento dos moradores do Jardim S\u00e3o Remo:\r\n\r\n * Pessoa joga lixo fora de hora na rua. Tem que haver uma conscientiza\u00e7\u00e3o de jogar lixo na hora e no dia certo.\r\n * Deveria haver na comunidade um trabalho com reciclagem na comunidade.    \r\n    \r\n\r\nRemo Limpa aconteceu h\u00e1 muito tempo as pessoas acham que isso deveria acontece novamente.    ", "title": "Trabalho educativo referente ao lixo", "polys": null, "creator": 1, "lines": null, "community": 1, "creation_date": "2012-03-28 18:08:35", "geometry": "GEOMETRYCOLLECTION EMPTY", "points": null, "last_update": "2012-03-28 19:07:48", "slug": "trabalho-educativo-referente-ao-lixo", "categories": [2, 3]}}, {"pk": 9, "model": "need.need", "fields": {"target_audiences": [1, 15], "description": "H\u00e1 v\u00e1rios pontos na comunidade onde h\u00e1 ac\u00famulo de lixo.", "title": "Excesso de lixo", "polys": null, "creator": 1, "lines": null, "community": 4, "creation_date": "2012-03-29 15:02:56", "geometry": "GEOMETRYCOLLECTION EMPTY", "points": null, "last_update": "2012-03-29 15:02:56", "slug": "excesso-de-lixo", "categories": [3]}}, {"pk": 8, "model": "need.need", "fields": {"target_audiences": [1, 15], "description": "Em escuta realizada junto a 53 moradores em 2009, 96% responderam que a infraestrutura comunit\u00e1ria e as condi\u00e7\u00f5es ambientais precisam melhorar.\r\n\r\nProblemas citados foram\r\n\r\n - [Excesso de lixo](http://beta.maps.mootiro.org/vila-nova-jaguare/need/excesso-de-lixo \"\") (35%)\r\n - Melhorar urbaniza\u00e7\u00e3o (25%)\r\n - Falta de \u00e1reas verdes (16%)\r\n - Polui\u00e7\u00e3o sonora (7%)", "title": "Melhorar as condi\u00e7\u00f5es ambientais", "polys": null, "creator": 1, "lines": null, "community": 4, "creation_date": "2012-03-29 14:59:12", "geometry": "GEOMETRYCOLLECTION EMPTY", "points": null, "last_update": "2012-03-29 15:03:41", "slug": "melhorar-as-condicoes-ambientais", "categories": [3]}}, {"pk": 10, "model": "need.need", "fields": {"target_audiences": [1], "description": "faltam ca\u00e7ambas", "title": "Ac\u00famulo de lixo", "polys": "MULTIPOLYGON (((-23.5408651787204519 -46.7433216706390340, -23.5410225535607793 -46.7430427209014852, -23.5411799282127880 -46.7433645859832723, -23.5408651787204519 -46.7433216706390340), (-23.5440126397449099 -46.7414119378204305, -23.5439732969470512 -46.7416479722137410, -23.5438355970618396 -46.7414333954925496, -23.5440126397449099 -46.7414119378204305)))", "creator": 2, "lines": null, "community": 4, "creation_date": "2012-03-29 17:52:46", "geometry": "GEOMETRYCOLLECTION (POLYGON ((-23.5408651787204519 -46.7433216706390340, -23.5410225535607793 -46.7430427209014852, -23.5411799282127880 -46.7433645859832723, -23.5408651787204519 -46.7433216706390340), (-23.5440126397449099 -46.7414119378204305, -23.5439732969470512 -46.7416479722137410, -23.5438355970618396 -46.7414333954925496, -23.5440126397449099 -46.7414119378204305)))", "points": null, "last_update": "2012-03-29 17:52:46", "slug": "acumulo-de-lixo", "categories": [3, 4]}}, {"pk": 11, "model": "need.need", "fields": {"target_audiences": [1], "description": "Ainda nao foi asfaltado", "title": "Asfaltar a rua pires brand\u00e3o", "polys": null, "creator": 2, "lines": "MULTILINESTRING ((-23.5636391648496613 -46.7458903426056054, -23.5631277839270830 -46.7448603743438866))", "community": 1, "creation_date": "2012-04-03 14:09:17", "geometry": "GEOMETRYCOLLECTION (LINESTRING (-23.5636391648496613 -46.7458903426056054, -23.5631277839270830 -46.7448603743438866))", "points": null, "last_update": "2012-04-03 14:09:17", "slug": "asfaltar-a-rua-pires-brandao", "categories": [3]}}, {"pk": 12, "model": "need.need", "fields": {"target_audiences": [1], "description": "Acumulo de entulho nessa \u00e1rea", "title": "Lix\u00e3o ", "polys": "MULTIPOLYGON (((-23.5471501899706652 -46.7435040608520467, -23.5476222913610940 -46.7437830105895955, -23.5478189997734439 -46.7431821957702596, -23.5472485445667914 -46.7429676190490682, -23.5471501899706652 -46.7435040608520467)))", "creator": 2, "lines": null, "community": 4, "creation_date": "2012-04-03 22:13:33", "geometry": "GEOMETRYCOLLECTION (POLYGON ((-23.5471501899706652 -46.7435040608520467, -23.5476222913610940 -46.7437830105895955, -23.5478189997734439 -46.7431821957702596, -23.5472485445667914 -46.7429676190490682, -23.5471501899706652 -46.7435040608520467)))", "points": null, "last_update": "2012-04-03 22:13:33", "slug": "lixao", "categories": [3]}}, {"pk": 1, "model": "proposal.proposal", "fields": {"description": "Precisamos chamar os moradores que residem nessa rua ...", "title": "Realizar reuni\u00e1o de moradores", "creator": 2, "number": 1, "realizers": [], "last_update": "2012-04-08 16:07:39", "report": "", "cost": "12000.00", "need": 11, "creation_date": "2012-04-08 16:07:39"}}, {"pk": 1, "model": "komoo_comments.comment", "fields": {"comment": "concordo", "parent": null, "author": 2, "object_id": 11, "content_type": 20, "pub_date": "2012-04-08 16:05:35", "sub_comments": 0}}, {"pk": 1, "model": "vote.vote", "fields": {"object_id": 2, "like": false, "content_type": 20, "author": 1}}, {"pk": 2, "model": "vote.vote", "fields": {"object_id": 2, "like": true, "content_type": 26, "author": 4}}, {"pk": 3, "model": "vote.vote", "fields": {"object_id": 1, "like": true, "content_type": 26, "author": 4}}, {"pk": 4, "model": "vote.vote", "fields": {"object_id": 1, "like": true, "content_type": 25, "author": 4}}, {"pk": 5, "model": "vote.vote", "fields": {"object_id": 2, "like": true, "content_type": 25, "author": 4}}, {"pk": 6, "model": "vote.vote", "fields": {"object_id": 3, "like": true, "content_type": 20, "author": 4}}, {"pk": 7, "model": "vote.vote", "fields": {"object_id": 10, "like": true, "content_type": 20, "author": 2}}, {"pk": 8, "model": "vote.vote", "fields": {"object_id": 8, "like": true, "content_type": 26, "author": 2}}, {"pk": 1, "model": "komoo_resource.resourcekind", "fields": {"name": "Espa\u00e7o", "slug": "espaco"}}, {"pk": 2, "model": "komoo_resource.resourcekind", "fields": {"name": "Material", "slug": "material"}}, {"pk": 3, "model": "komoo_resource.resourcekind", "fields": {"name": "Equipamento", "slug": "equipamento"}}, {"pk": 4, "model": "komoo_resource.resourcekind", "fields": {"name": "Ve\u00edculo", "slug": "veiculo"}}, {"pk": 5, "model": "komoo_resource.resourcekind", "fields": {"name": "Outros", "slug": "outros"}}, {"pk": 6, "model": "komoo_resource.resourcekind", "fields": {"name": "", "slug": ""}}, {"pk": 4, "model": "komoo_resource.resource", "fields": {"kind": 1, "name": "Espa\u00e7o Verde (Pra\u00e7a da Amizade)", "creator": 1, "polys": "MULTIPOLYGON (((-23.5602463119070755 -46.7435393864040520, -23.5602684394927095 -46.7435326808815148, -23.5602696688029205 -46.7433596784000542, -23.5602180377644359 -46.7433690661316064, -23.5602463119070755 -46.7435393864040520)))", "lines": null, "community": 1, "creation_date": "2012-03-28 16:12:00", "geometry": "GEOMETRYCOLLECTION (POLYGON ((-23.5602463119070755 -46.7435393864040520, -23.5602684394927095 -46.7435326808815148, -23.5602696688029205 -46.7433596784000542, -23.5602180377644359 -46.7433690661316064, -23.5602463119070755 -46.7435393864040520)))", "points": null, "last_update": "2012-03-28 16:12:01", "description": "Perto da port\u00e3o que conecta a comunidade Jardim S\u00e3o Remo \u00e0 Cidade Universit\u00e1ria de S\u00e3o Paulo existe um pequeno espa\u00e7o verde chamado de Pra\u00e7a de Amizade. Dona Eva, uma moradora da S\u00e3o Remo e dona do brazinho do lado do espa\u00e7o cuida da \u00e0rea e tranca o parquinho \u00e0 noite. Durante o dia pode ser usado pelos moradores, h\u00e1 bancos para sentar e bastante plantas."}}, {"pk": 1, "model": "komoo_resource.resource", "fields": {"kind": 1, "name": "Campo de Futebol", "creator": null, "polys": "MULTIPOLYGON (((-23.5609853927552990 -46.7436560624961999, -23.5607296973780791 -46.7432161802177575, -23.5613935208840672 -46.7427119249229577, -23.5616590493473659 -46.7431571716194298, -23.5609853927552990 -46.7436560624961999)))", "lines": null, "community": null, "creation_date": "2012-03-21 15:04:58", "geometry": "GEOMETRYCOLLECTION (POLYGON ((-23.5609853927552990 -46.7436560624961999, -23.5607296973780791 -46.7432161802177575, -23.5613935208840672 -46.7427119249229577, -23.5616590493473659 -46.7431571716194298, -23.5609853927552990 -46.7436560624961999)))", "points": null, "last_update": "2012-03-21 15:04:58", "description": "Campo de terra localizado na Rua Aquian\u00e9s.\r\nUsado pela escolinha de futebol da S\u00e3o Remo e por crian\u00e7as jovens e adultos da comunidade como \u00e0rea de lazer.\r\nUm dos locais dos Jogos da Cidade de S\u00e3o Paulo, o campo \u00e9 usado para v\u00e1rios jogos amadores municipais. O maior evento de futebol do ano \u00e9 a Copa da S\u00e3o Remo.\r\nNos finais de semana muitas vezes h\u00e1 jogos que atraem n\u00e3o somente os moradores da S\u00e3o Remo. Nestes eventos falta uma infra-estrutura adequada: o campo n\u00e3o possui um arquibancada para os espectadores assistirem os jogos e n\u00e3o h\u00e1 espa\u00e7o na rua para os carros estacionarem.\r\n"}}, {"pk": 2, "model": "komoo_resource.resource", "fields": {"kind": 1, "name": "Quadra", "creator": null, "polys": "MULTIPOLYGON (((-23.5620413602200180 -46.7429144317035821, -23.5618913863125563 -46.7427119249229577, -23.5620290672832269 -46.7425979310398247, -23.5621728945717130 -46.7427964145069268, -23.5620413602200180 -46.7429144317035821)))", "lines": null, "community": null, "creation_date": "2012-03-21 16:50:38", "geometry": "GEOMETRYCOLLECTION (POLYGON ((-23.5620413602200180 -46.7429144317035821, -23.5618913863125563 -46.7427119249229577, -23.5620290672832269 -46.7425979310398247, -23.5621728945717130 -46.7427964145069268, -23.5620413602200180 -46.7429144317035821)))", "points": null, "last_update": "2012-03-21 16:52:39", "description": "A quadra \u00e9 localizada na rua Aquian\u00e9s entre o espa\u00e7o do Circo Escola e o campo de futebol. \u00c9 usada como espa\u00e7o de lazer e atividades esportivas por crian\u00e7as e adolescentes da comunidade. Fora da utiliza\u00e7\u00e3o di\u00e1ria serve como espa\u00e7o para bailes e festas como a festa junina da S\u00e3o Remo. O estado da quadra \u00e9 prec\u00e1rio: h\u00e1 buracos no concreto, no fundo tem um muro que separa a comunidade com a Cidade Universit\u00e1ria com v\u00e1rios buracos grandes.N\u00e3o h\u00e1 pessoas que se responsabilizam pela limpeza e a manuten\u00e7\u00e3o do espa\u00e7o. V\u00e1rias tentativas de melhoria da quadra do Projeto Alavanca junto com o Esporte Solid\u00e1rio e a Associa\u00e7\u00e3o de Moradores n\u00e3o foram para frente. "}}, {"pk": 3, "model": "komoo_resource.resource", "fields": {"kind": 4, "name": "Kombi do Projeto Alavanca Brasil", "creator": 1, "polys": null, "lines": null, "community": 1, "creation_date": "2012-03-28 16:03:19", "geometry": "GEOMETRYCOLLECTION (POINT (-23.5617311106424729 -46.7433484221248818))", "points": "MULTIPOINT (-23.5617311106424729 -46.7433484221248818)", "last_update": "2012-03-28 16:03:55", "description": "O Projeto Alavanca possui uma Kombi que pode ser emprestada ou alugada pela comunidade referente atividades desenvolvidas em prol da comunidade. Para ver a disponibilidade, entre em contato com o Projeto Alavanca no n\u00famero (11) 3766 4423."}}, {"pk": 5, "model": "komoo_resource.resource", "fields": {"kind": 1, "name": "Test", "creator": 8, "polys": null, "lines": null, "community": null, "creation_date": "2012-04-04 17:45:19", "geometry": "GEOMETRYCOLLECTION (POINT (-23.5749127172675124 -46.7294361111449916))", "points": "MULTIPOINT (-23.5749127172675124 -46.7294361111449916)", "last_update": "2012-04-04 17:45:19", "description": "test"}}, {"pk": 6, "model": "komoo_resource.resource", "fields": {"kind": 5, "name": "ett", "creator": 10, "polys": null, "lines": null, "community": null, "creation_date": "2012-04-09 14:04:15", "geometry": "GEOMETRYCOLLECTION EMPTY", "points": null, "last_update": "2012-04-09 14:04:15", "description": "teste"}}, {"pk": 3, "model": "organization.organization", "fields": {"description": "O Espa\u00e7o Girassol \u00e9 localizado no Jardim S\u00e3o Remo e mantenido por a organiza\u00e7\u00e3o sem fins lucrativos [Agente](http://www.agente.org.br/agente/ \"Agente\"). A Agente uma organiza\u00e7\u00e3o fundada por pessoas da Igreja Metodista Livre da Sa\u00fade.\r\n\r\nEla desenvolve projetos focados na educa\u00e7\u00e3o e na sa\u00fade que visam \u00e0 transforma\u00e7\u00e3o integral (social, familiar, espiritual e material) de pessoas e fam\u00edlias desfavorecidas. O principal objetivo \u00e9 que as pessoas beneficiadas sejam inclu\u00eddas socialmente e atuem como AGENTES de transforma\u00e7\u00e3o.\r\n\r\nNo Espa\u00e7o Girassol a Agente realiza tr\u00eas projetos:\r\n\r\nCEI Girassol\r\n\r\nCentro de Educa\u00e7\u00e3o Infantil (CEI) com estrutura para atender crian\u00e7as de 2 a 3 anos de idade, mantido em parceria com a Prefeitura de S\u00e3o Paulo (por meio de conv\u00eanio) e doa\u00e7\u00f5es volunt\u00e1rias de padrinhos e outros parceiros. O projeto conta com uma equipe formada por profissionais capacitados na \u00e1rea de educa\u00e7\u00e3o, estagi\u00e1rios e volunt\u00e1rios.\r\n\r\nMova\r\n\r\nPrograma de Educa\u00e7\u00e3o para Jovens e Adultos (EJA), desenvolvido no per\u00edodo noturno em parceria com outras organiza\u00e7\u00f5es que atuam na comunidade. Tem a capacidade para atender 20 pessoas.\r\n\r\nAcompanhamento nutricional e desenvolvimento f\u00edsico\r\n\r\nEm parceria com a Pastoral da Crian\u00e7as, desenvolvemos a\u00e7\u00f5es de refor\u00e7o nutricional para crian\u00e7as de 0 a 6 anos, acompanhamento de gestante e palestras para as m\u00e3es.", "creator": 1, "community": [1], "creation_date": "2012-03-28 15:38:41", "contact": null, "link": null, "target_audiences": [], "slug": "espaco-girassol", "categories": [], "name": "Espa\u00e7o Girassol"}}, {"pk": 4, "model": "organization.organization", "fields": {"description": "O [Coletivo Griot](http://cursinhogriot.blogspot.com.br/ \"Coletivo Griot\"), localizado no Jardim S\u00e3o Remo oferece o Cursinho Popular Coletivo Griot, um cursinho pr\u00e9-vestibular gratuito para a comunidade. Ele usa o espa\u00e7o da Circo Escola S\u00e3o Remo.\r\n\r\nEle tem como objetivo lutar pela promo\u00e7\u00e3o da cidadania. Seu principal instrumento nessa luta \u00e9 o Cursinho Pr\u00e9-Vestibular Griot, cujas aulas s\u00e3o ministradas por professores-volunt\u00e1rios.", "creator": 1, "community": [1], "creation_date": "2012-03-28 15:47:04", "contact": null, "link": null, "target_audiences": [], "slug": "coletivo-griot", "categories": [], "name": "Coletivo Griot"}}, {"pk": 7, "model": "organization.organization", "fields": {"description": "A Associa\u00e7\u00e3o de Moradores do Jardim S\u00e3o Remo \u00e9 um \u00f3rg\u00e3o criado pelas pessoas da comunidade a fim de melhorar a qualidade de vida de seus associados em geral, defendendo-os e organizando-os. Tamb\u00e9m desenvolve trabalhos sociais e distribui gratuitamente benef\u00edcios alcan\u00e7ados junto aos \u00f3rg\u00e3os municipais, estaduais, federais e \u00e0 iniciativa privada.\r\n\r\nAtualmente, a diretoria \u00e9 composta pela presidente Aid\u00ea Felisberto de Souza e o vice-presidente Givanildo Oliveira. Suas propostas est\u00e3o a promo\u00e7\u00e3o de atividades para a terceira idade \u2013 como a pr\u00e1tica de exerc\u00edcios f\u00edsicos \u2013, excurs\u00f5es para fora da S\u00e3o Remo e mutir\u00f5es para a coleta do lixo das ruas.\r\n\r\nO espa\u00e7o do [Telecentro Grupo Er\u00ea](http://beta.maps.mootiro.org/organization/telecentro-grupo-ere-i \"Telecentro\") antigamente era sede da Assicia\u00e7\u00e3o de Moradores. Atualmente a associa\u00e7\u00e3o compartilha este espa\u00e7o.", "creator": 1, "community": [], "creation_date": "2012-03-28 15:47:04", "contact": null, "link": null, "target_audiences": [], "slug": "associacao-de-moradores-do-jardim-sao-remo", "categories": [], "name": "Associa\u00e7\u00e3o de Moradores do Jardim S\u00e3o Remo"}}, {"pk": 1, "model": "organization.organization", "fields": {"description": "O [Circo Escola S\u00e3o Remo](http://iccsp.wordpress.com/tag/circo-escola-sao-remo/ \"Circo Escola S\u00e3o Remo\") atende adolescentes e jovens da comunidade Jardim S\u00e3o Remo. Ele trabalha com educa\u00e7\u00e3o/promo\u00e7\u00e3o de crian\u00e7as, jovens e adolescentes e que t\u00eam como perspectiva mais geral o trabalho educativo de integra\u00e7\u00e3o dos exclu\u00eddos, o exerc\u00edcio da cidadania e o resgate das ra\u00edzes culturais. Ele privilegia linguagens art\u00edsticas (teatro, dan\u00e7a, m\u00fasica e circo) como instrumento de aproxima\u00e7\u00e3o/motiva\u00e7\u00e3o dos grupos com que trabalha e tamb\u00e9m como um poss\u00edvel campo de profissionaliza\u00e7\u00e3o. \r\n\r\nEle \u00e9 um espa\u00e7o administrado pelo [Instituto Crian\u00e7a Cidad\u00e3](http://www.iccsp.org.br/ \"Instituto Crian\u00e7a Cidad\u00e3\") que faz parte da [\"Rede Circo do Mundo Brasil\u201d](http://www.circodomundo.org/CIRCO_DO_MUNDO_BRASIL/index.php \"Rede Circo Mundo Brasil\").", "creator": 1, "community": [1], "creation_date": "2012-03-21 15:04:58", "contact": null, "link": null, "target_audiences": [], "slug": "circo-escola-sao-remo", "categories": [], "name": "Circo Escola S\u00e3o Remo"}}, {"pk": 6, "model": "organization.organization", "fields": {"description": "Mariano treina grupos de meninos moradores do Jardim S\u00e3o Remo. A escolinha n\u00e3o possui CNPJ, conta com o apoio do vereador Aur\u00e9lio Miguel.\r\n\r\nOs treinos acontecem no [campo de futebol da S\u00e3o Remo](http://beta.maps.mootiro.org/resource/1 \"Campo\"), a escolinha n\u00e3o possui sede. Mariano pode ser contactado na casa dele na rua Cipot\u00e2nea.", "creator": 1, "community": [1], "creation_date": "2012-03-28 18:29:37", "contact": null, "link": null, "target_audiences": [], "slug": "escolinha-de-futebol-do-mariano", "categories": [], "name": "Escolinha de futebol do Mariano"}}, {"pk": 5, "model": "organization.organization", "fields": {"description": "O Telecentro Grupo Er\u00ea I, um projeto do [Grupo Er\u00ea](http://www.grupoere.org/projetos.htm \"Grupo Er\u00ea\"), \u00e9 localizado no Jardim S\u00e3o Remo. Foi estabelecido em junho de 2010. O Telecentro oferece cursos de computa\u00e7\u00e3o e disponibiliza os computadores para o uso gratuito pelos moradores da S\u00e3o Remo.\r\n\r\nMais informa\u00e7\u00f5es sobre os atuais cursos podem ser achados [neste site](http://www.telecentros.sp.gov.br/unidades/zona_oeste/grupo_ere/index.php \"Site da prefeitura de S\u00e3o Paulo\") da Prefeitura de S\u00e3o Paulo.\r\n\r\n**Contato**\r\n\r\nRua Aquian\u00e9s, 36 - Butant\u00e3 - S\u00e3o Paulo\r\n\r\nTelefone: (11) 3719-3696", "creator": 1, "community": [1], "creation_date": "2012-03-28 15:58:41", "contact": null, "link": null, "target_audiences": [], "slug": "telecentro-grupo-ere-i", "categories": [], "name": "Telecentro Grupo Er\u00ea I"}}, {"pk": 8, "model": "organization.organization", "fields": {"description": "\r\nO CEU Jaguar\u00e9, Centro Educacional Unificado atende a comunidade do Jaguar\u00e9. O objetivo do CEU \u00e9 \r\n - proporcionar o desenvolvimento integral de crian\u00e7as, adolescentes, jovens e adultos, \r\n - ser p\u00f3lo de desenvolvimento da comunidade, \r\n - ser p\u00f3lo de desenvolvimento de inova\u00e7\u00f5es educacionais e de promover o protagonismo infantojuvenil.", "creator": 1, "community": [4], "creation_date": "2012-03-29 15:19:10", "contact": null, "link": null, "target_audiences": [], "slug": "centro-educacional-unificado-ceu-jaguare", "categories": [], "name": "Centro Educacional Unificado (CEU) Jaguar\u00e9"}}, {"pk": 9, "model": "organization.organization", "fields": {"description": "### Miss\u00e3o\r\n\r\nDesenvolver e implantar programas sociais, educativos, esportivos e econ\u00f4micos que v\u00e3o ao\r\nencontro com as necessidades da popula\u00e7\u00e3o em situa\u00e7\u00e3o de vulnerabilidade social. \r\n\r\n### Hist\u00f3ria\r\n\r\nA Sociedade Benfeitora Jaguar\u00e9 \u00e9 uma ONG conveniada que tem como finalidade programar no bairro, medidas que visem \u00e0 inclus\u00e3o e inser\u00e7\u00e3o de cidad\u00e3os que se encontre em situa\u00e7\u00e3o de vulnerabilidade social. A organiza\u00e7\u00e3o foi fundada por empres\u00e1rios que se reuniam na regi\u00e3o do Jaguar\u00e9. Estes empres\u00e1rios perceberam que havia neste bairro industrial da Zona Oeste do Munic\u00edpio, uma grande demanda, pois sua popula\u00e7\u00e3o era constitu\u00edda em grande parte por pessoas com baixa ou nenhuma renda. Havia, portanto a necessidade de criar uma organiza\u00e7\u00e3o sem fins lucrativos que pudesse atender seus moradores. No dia 01 de abril de 1958 foi fundada a Sociedade Benfeitora Jaguar\u00e9.", "creator": 1, "community": [4], "creation_date": "2012-03-29 15:29:21", "contact": null, "link": null, "target_audiences": [], "slug": "sociedade-benfeitora-jaguare", "categories": [], "name": "Sociedade Benfeitora Jaguar\u00e9"}}, {"pk": 10, "model": "organization.organization", "fields": {"description": "O CDI - Comit\u00ea de Democratiza\u00e7\u00e3o da Inform\u00e1tica foi fundado em 1995. O CDI \u00e9 uma organiza\u00e7\u00e3o sem fins lucrativos que visa transformar vidas e fortalecer comunidades de baixa renda atrav\u00e9s do uso das tecnologias da informa\u00e7\u00e3o e comunica\u00e7\u00e3o (TICs).", "creator": 2, "community": [], "creation_date": "2012-04-03 19:05:27", "contact": "", "link": "http://cdi.org.br", "target_audiences": [], "slug": "cdi", "categories": [], "name": "CDI"}}, {"pk": 2, "model": "organization.organization", "fields": {"description": "O [Projeto Alavanca Brasil](http://www.projeto-alavanca.org \"Projeto Alavanca Brasil\")  \u00e9 uma organiza\u00e7\u00e3o Social sem fins lucrativos. Atua na \u00e1rea do desenvolvimento comunit\u00e1rio atrav\u00e9s da educa\u00e7\u00e3o, cultura e lazer. T\u00eam como objetivo fomentar o desenvolvimento educacional,pessoal e social de crian\u00e7as, jovens e fam\u00edlias das comunidades do Jardim S\u00e3o Remo, localizada no Bairro do Butant\u00e3, Zona Oeste de S\u00e3o Paulo.\r\nO Projeto Alavanca atua em dois eixos educa\u00e7\u00e3o e a\u00e7\u00f5es comunit\u00e1rias, com crian\u00e7as a partir dos seis anos de idade, jovens e adultos, promovendo atividades de educa\u00e7\u00e3o integral, e capacidade de an\u00e1lise cr\u00edtica, fortalecendo-os como protagonistas e buscando melhorias para a Comunidade S\u00e3o Remo]]. O Projeto busca se articular com os diversos atores sociais da comunidade para responder \u00e0s necessidades de sua popula\u00e7\u00e3o, tendo como base o princ\u00edpio do desenvolvimento integral dos indiv\u00edduos. Al\u00e9m das pr\u00f3prias atividades, o Projeto Alavanca deu in\u00edcio as suas atividades em agosto de 2004, no entanto sua funda\u00e7\u00e3o em maio de 2005.", "creator": 2, "community": [1], "creation_date": "2012-03-28 15:47:04", "contact": "", "link": "", "target_audiences": [], "slug": "associacao-socio-educativa-e-cultural-projeto-alavanca-brasil", "categories": [], "name": "Associa\u00e7\u00e3o S\u00f3cio-Educativa e Cultural Projeto Alavanca Brasil"}}, {"pk": 11, "model": "organization.organization", "fields": {"description": "", "creator": 2, "community": [], "creation_date": "2012-04-08 18:08:21", "contact": "", "link": "http://ciranda.org.br", "target_audiences": [], "slug": "ciranda-central-de-noticias-para-os-direitos-da-infancia-e-adolescencia", "categories": [], "name": "Ciranda - Central de Not\u00edcias para os Direitos da Inf\u00e2ncia e Adolesc\u00eancia"}}, {"pk": 17, "model": "organization.organization", "fields": {"description": "", "creator": 11, "community": [5], "creation_date": "2012-04-09 14:35:36", "contact": "Rua Jorge Rubens Neiva de Camargo, 228\r\nBairro: American\u00f3polis - Cep: 04337-090\r\nS\u00e3o Paulo - SP\r\nFones: (11) 5563-4436 / 5677-1298 / 5563-0452\r\nE-mail: aldeiadofututo@alfdeiadofuturo.org.br", "link": "http://www.aldeiadofuturo.org.br", "target_audiences": [13, 21], "slug": "aldeia-do-futuro", "categories": [], "name": "Aldeia do Futuro"}}, {"pk": 2, "model": "organization.organizationbranch", "fields": {"info": "", "name": "Pr\u00e9dio do Alavanca", "creator": 4, "polys": "MULTIPOLYGON (((-23.5616895144103538 -46.7433744305496361, -23.5617227054228415 -46.7433422440414574, -23.5618247370013059 -46.7434696489696648, -23.5617927753105540 -46.7435004943733361, -23.5616895144103538 -46.7433744305496361)))", "lines": null, "creation_date": "2012-04-03 18:08:16", "geometry": "GEOMETRYCOLLECTION (POLYGON ((-23.5616895144103538 -46.7433744305496361, -23.5617227054228415 -46.7433422440414574, -23.5618247370013059 -46.7434696489696648, -23.5617927753105540 -46.7435004943733361, -23.5616895144103538 -46.7433744305496361)))", "points": null, "organization": 2, "slug": "predio-do-alavanca"}}, {"pk": 3, "model": "organization.organizationbranch", "fields": {"info": "", "name": "Matriz", "creator": 2, "polys": "MULTIPOLYGON (((-22.9357585298400863 -43.1911410515899661, -22.9355312749355278 -43.1910364454383853, -22.9356016745934816 -43.1909492736454013, -22.9357980523932490 -43.1910444920654299, -22.9357585298400863 -43.1911410515899661)))", "lines": null, "creation_date": "2012-04-03 19:13:02", "geometry": "GEOMETRYCOLLECTION (POLYGON ((-22.9357585298400863 -43.1911410515899661, -22.9355312749355278 -43.1910364454383853, -22.9356016745934816 -43.1909492736454013, -22.9357980523932490 -43.1910444920654299, -22.9357585298400863 -43.1911410515899661)))", "points": null, "organization": 10, "slug": "matriz"}}, {"pk": 4, "model": "organization.organizationbranch", "fields": {"info": "", "name": "Sede", "creator": 2, "polys": "MULTIPOLYGON (((-25.4331026850492741 -49.2718232182464817, -25.4330590842000497 -49.2716730145416477, -25.4332237984365541 -49.2715871838531712, -25.4332770882883707 -49.2717481163940647, -25.4331026850492741 -49.2718232182464817)))", "lines": null, "creation_date": "2012-04-08 18:08:21", "geometry": "GEOMETRYCOLLECTION (POLYGON ((-25.4331026850492741 -49.2718232182464817, -25.4330590842000497 -49.2716730145416477, -25.4332237984365541 -49.2715871838531712, -25.4332770882883707 -49.2717481163940647, -25.4331026850492741 -49.2718232182464817)))", "points": null, "organization": 11, "slug": "sede"}}, {"pk": 1, "model": "organization.organizationcategory", "fields": {"name": "Culture", "slug": "culture"}}, {"pk": 2, "model": "organization.organizationcategory", "fields": {"name": "Education", "slug": "education"}}, {"pk": 3, "model": "organization.organizationcategory", "fields": {"name": "Environment", "slug": "environment"}}, {"pk": 4, "model": "organization.organizationcategory", "fields": {"name": "Health", "slug": "health"}}, {"pk": 5, "model": "organization.organizationcategory", "fields": {"name": "Housing", "slug": "housing"}}, {"pk": 6, "model": "organization.organizationcategory", "fields": {"name": "Local Economy", "slug": "local-economy"}}, {"pk": 7, "model": "organization.organizationcategory", "fields": {"name": "Mobility", "slug": "mobility"}}, {"pk": 8, "model": "organization.organizationcategory", "fields": {"name": "Social Service", "slug": "social-service"}}, {"pk": 9, "model": "organization.organizationcategory", "fields": {"name": "Sport", "slug": "sport"}}, {"pk": 1, "model": "organization.organizationcategorytranslation", "fields": {"lang": "pt-br", "category": 1, "name": "Cultura", "slug": "cultura"}}, {"pk": 2, "model": "organization.organizationcategorytranslation", "fields": {"lang": "pt-br", "category": 2, "name": "Educa\u00e7\u00e3o", "slug": "educacao"}}, {"pk": 3, "model": "organization.organizationcategorytranslation", "fields": {"lang": "pt-br", "category": 3, "name": "Meio Ambiente", "slug": "meio-ambiente"}}, {"pk": 4, "model": "organization.organizationcategorytranslation", "fields": {"lang": "pt-br", "category": 4, "name": "Sa\u00fade", "slug": "saude"}}, {"pk": 5, "model": "organization.organizationcategorytranslation", "fields": {"lang": "pt-br", "category": 5, "name": "Habita\u00e7\u00e3o", "slug": "habitacao"}}, {"pk": 6, "model": "organization.organizationcategorytranslation", "fields": {"lang": "pt-br", "category": 6, "name": "Economia Local", "slug": "economia-local"}}, {"pk": 7, "model": "organization.organizationcategorytranslation", "fields": {"lang": "pt-br", "category": 7, "name": "Mobilidade", "slug": "mobilidade"}}, {"pk": 8, "model": "organization.organizationcategorytranslation", "fields": {"lang": "pt-br", "category": 8, "name": "Servi\u00e7o Social", "slug": "servico-social"}}, {"pk": 9, "model": "organization.organizationcategorytranslation", "fields": {"lang": "pt-br", "category": 9, "name": "Esporte", "slug": "esporte"}}, {"pk": 22, "model": "auth.permission", "fields": {"codename": "add_logentry", "name": "Can add log entry", "content_type": 8}}, {"pk": 23, "model": "auth.permission", "fields": {"codename": "change_logentry", "name": "Can change log entry", "content_type": 8}}, {"pk": 24, "model": "auth.permission", "fields": {"codename": "delete_logentry", "name": "Can delete log entry", "content_type": 8}}, {"pk": 4, "model": "auth.permission", "fields": {"codename": "add_group", "name": "Can add group", "content_type": 2}}, {"pk": 5, "model": "auth.permission", "fields": {"codename": "change_group", "name": "Can change group", "content_type": 2}}, {"pk": 6, "model": "auth.permission", "fields": {"codename": "delete_group", "name": "Can delete group", "content_type": 2}}, {"pk": 10, "model": "auth.permission", "fields": {"codename": "add_message", "name": "Can add message", "content_type": 4}}, {"pk": 11, "model": "auth.permission", "fields": {"codename": "change_message", "name": "Can change message", "content_type": 4}}, {"pk": 12, "model": "auth.permission", "fields": {"codename": "delete_message", "name": "Can delete message", "content_type": 4}}, {"pk": 1, "model": "auth.permission", "fields": {"codename": "add_permission", "name": "Can add permission", "content_type": 1}}, {"pk": 2, "model": "auth.permission", "fields": {"codename": "change_permission", "name": "Can change permission", "content_type": 1}}, {"pk": 3, "model": "auth.permission", "fields": {"codename": "delete_permission", "name": "Can delete permission", "content_type": 1}}, {"pk": 7, "model": "auth.permission", "fields": {"codename": "add_user", "name": "Can add user", "content_type": 3}}, {"pk": 8, "model": "auth.permission", "fields": {"codename": "change_user", "name": "Can change user", "content_type": 3}}, {"pk": 9, "model": "auth.permission", "fields": {"codename": "delete_user", "name": "Can delete user", "content_type": 3}}, {"pk": 25, "model": "auth.permission", "fields": {"codename": "add_comment", "name": "Can add comment", "content_type": 9}}, {"pk": 28, "model": "auth.permission", "fields": {"codename": "can_moderate", "name": "Can moderate comments", "content_type": 9}}, {"pk": 26, "model": "auth.permission", "fields": {"codename": "change_comment", "name": "Can change comment", "content_type": 9}}, {"pk": 27, "model": "auth.permission", "fields": {"codename": "delete_comment", "name": "Can delete comment", "content_type": 9}}, {"pk": 29, "model": "auth.permission", "fields": {"codename": "add_commentflag", "name": "Can add comment flag", "content_type": 10}}, {"pk": 30, "model": "auth.permission", "fields": {"codename": "change_commentflag", "name": "Can change comment flag", "content_type": 10}}, {"pk": 31, "model": "auth.permission", "fields": {"codename": "delete_commentflag", "name": "Can delete comment flag", "content_type": 10}}, {"pk": 50, "model": "auth.permission", "fields": {"codename": "add_community", "name": "Can add community", "content_type": 17}}, {"pk": 51, "model": "auth.permission", "fields": {"codename": "change_community", "name": "Can change community", "content_type": 17}}, {"pk": 52, "model": "auth.permission", "fields": {"codename": "delete_community", "name": "Can delete community", "content_type": 17}}, {"pk": 13, "model": "auth.permission", "fields": {"codename": "add_contenttype", "name": "Can add content type", "content_type": 5}}, {"pk": 14, "model": "auth.permission", "fields": {"codename": "change_contenttype", "name": "Can change content type", "content_type": 5}}, {"pk": 15, "model": "auth.permission", "fields": {"codename": "delete_contenttype", "name": "Can delete content type", "content_type": 5}}, {"pk": 44, "model": "auth.permission", "fields": {"codename": "add_uploadedfile", "name": "Can add uploaded file", "content_type": 15}}, {"pk": 45, "model": "auth.permission", "fields": {"codename": "change_uploadedfile", "name": "Can change uploaded file", "content_type": 15}}, {"pk": 46, "model": "auth.permission", "fields": {"codename": "delete_uploadedfile", "name": "Can delete uploaded file", "content_type": 15}}, {"pk": 65, "model": "auth.permission", "fields": {"codename": "add_comment", "name": "Can add comment", "content_type": 22}}, {"pk": 66, "model": "auth.permission", "fields": {"codename": "change_comment", "name": "Can change comment", "content_type": 22}}, {"pk": 67, "model": "auth.permission", "fields": {"codename": "delete_comment", "name": "Can delete comment", "content_type": 22}}, {"pk": 47, "model": "auth.permission", "fields": {"codename": "add_address", "name": "Can add address", "content_type": 16}}, {"pk": 48, "model": "auth.permission", "fields": {"codename": "change_address", "name": "Can change address", "content_type": 16}}, {"pk": 49, "model": "auth.permission", "fields": {"codename": "delete_address", "name": "Can delete address", "content_type": 16}}, {"pk": 74, "model": "auth.permission", "fields": {"codename": "add_resource", "name": "Can add resource", "content_type": 25}}, {"pk": 75, "model": "auth.permission", "fields": {"codename": "change_resource", "name": "Can change resource", "content_type": 25}}, {"pk": 76, "model": "auth.permission", "fields": {"codename": "delete_resource", "name": "Can delete resource", "content_type": 25}}, {"pk": 71, "model": "auth.permission", "fields": {"codename": "add_resourcekind", "name": "Can add resource kind", "content_type": 24}}, {"pk": 72, "model": "auth.permission", "fields": {"codename": "change_resourcekind", "name": "Can change resource kind", "content_type": 24}}, {"pk": 73, "model": "auth.permission", "fields": {"codename": "delete_resourcekind", "name": "Can delete resource kind", "content_type": 24}}, {"pk": 59, "model": "auth.permission", "fields": {"codename": "add_need", "name": "Can add need", "content_type": 20}}, {"pk": 60, "model": "auth.permission", "fields": {"codename": "change_need", "name": "Can change need", "content_type": 20}}, {"pk": 61, "model": "auth.permission", "fields": {"codename": "delete_need", "name": "Can delete need", "content_type": 20}}, {"pk": 53, "model": "auth.permission", "fields": {"codename": "add_needcategory", "name": "Can add need category", "content_type": 18}}, {"pk": 54, "model": "auth.permission", "fields": {"codename": "change_needcategory", "name": "Can change need category", "content_type": 18}}, {"pk": 55, "model": "auth.permission", "fields": {"codename": "delete_needcategory", "name": "Can delete need category", "content_type": 18}}, {"pk": 56, "model": "auth.permission", "fields": {"codename": "add_targetaudience", "name": "Can add target audience", "content_type": 19}}, {"pk": 57, "model": "auth.permission", "fields": {"codename": "change_targetaudience", "name": "Can change target audience", "content_type": 19}}, {"pk": 58, "model": "auth.permission", "fields": {"codename": "delete_targetaudience", "name": "Can delete target audience", "content_type": 19}}, {"pk": 77, "model": "auth.permission", "fields": {"codename": "add_organization", "name": "Can add organization", "content_type": 26}}, {"pk": 78, "model": "auth.permission", "fields": {"codename": "change_organization", "name": "Can change organization", "content_type": 26}}, {"pk": 79, "model": "auth.permission", "fields": {"codename": "delete_organization", "name": "Can delete organization", "content_type": 26}}, {"pk": 80, "model": "auth.permission", "fields": {"codename": "add_organizationbranch", "name": "Can add organization branch", "content_type": 27}}, {"pk": 81, "model": "auth.permission", "fields": {"codename": "change_organizationbranch", "name": "Can change organization branch", "content_type": 27}}, {"pk": 82, "model": "auth.permission", "fields": {"codename": "delete_organizationbranch", "name": "Can delete organization branch", "content_type": 27}}, {"pk": 83, "model": "auth.permission", "fields": {"codename": "add_organizationcategory", "name": "Can add organization category", "content_type": 28}}, {"pk": 84, "model": "auth.permission", "fields": {"codename": "change_organizationcategory", "name": "Can change organization category", "content_type": 28}}, {"pk": 85, "model": "auth.permission", "fields": {"codename": "delete_organizationcategory", "name": "Can delete organization category", "content_type": 28}}, {"pk": 86, "model": "auth.permission", "fields": {"codename": "add_organizationcategorytranslation", "name": "Can add organization category translation", "content_type": 29}}, {"pk": 87, "model": "auth.permission", "fields": {"codename": "change_organizationcategorytranslation", "name": "Can change organization category translation", "content_type": 29}}, {"pk": 88, "model": "auth.permission", "fields": {"codename": "delete_organizationcategorytranslation", "name": "Can delete organization category translation", "content_type": 29}}, {"pk": 62, "model": "auth.permission", "fields": {"codename": "add_proposal", "name": "Can add solution proposal", "content_type": 21}}, {"pk": 63, "model": "auth.permission", "fields": {"codename": "change_proposal", "name": "Can change solution proposal", "content_type": 21}}, {"pk": 64, "model": "auth.permission", "fields": {"codename": "delete_proposal", "name": "Can delete solution proposal", "content_type": 21}}, {"pk": 38, "model": "auth.permission", "fields": {"codename": "add_revision", "name": "Can add revision", "content_type": 13}}, {"pk": 39, "model": "auth.permission", "fields": {"codename": "change_revision", "name": "Can change revision", "content_type": 13}}, {"pk": 40, "model": "auth.permission", "fields": {"codename": "delete_revision", "name": "Can delete revision", "content_type": 13}}, {"pk": 41, "model": "auth.permission", "fields": {"codename": "add_version", "name": "Can add version", "content_type": 14}}, {"pk": 42, "model": "auth.permission", "fields": {"codename": "change_version", "name": "Can change version", "content_type": 14}}, {"pk": 43, "model": "auth.permission", "fields": {"codename": "delete_version", "name": "Can delete version", "content_type": 14}}, {"pk": 16, "model": "auth.permission", "fields": {"codename": "add_session", "name": "Can add session", "content_type": 6}}, {"pk": 17, "model": "auth.permission", "fields": {"codename": "change_session", "name": "Can change session", "content_type": 6}}, {"pk": 18, "model": "auth.permission", "fields": {"codename": "delete_session", "name": "Can delete session", "content_type": 6}}, {"pk": 19, "model": "auth.permission", "fields": {"codename": "add_site", "name": "Can add site", "content_type": 7}}, {"pk": 20, "model": "auth.permission", "fields": {"codename": "change_site", "name": "Can change site", "content_type": 7}}, {"pk": 21, "model": "auth.permission", "fields": {"codename": "delete_site", "name": "Can delete site", "content_type": 7}}, {"pk": 32, "model": "auth.permission", "fields": {"codename": "add_tag", "name": "Can add Tag", "content_type": 11}}, {"pk": 33, "model": "auth.permission", "fields": {"codename": "change_tag", "name": "Can change Tag", "content_type": 11}}, {"pk": 34, "model": "auth.permission", "fields": {"codename": "delete_tag", "name": "Can delete Tag", "content_type": 11}}, {"pk": 35, "model": "auth.permission", "fields": {"codename": "add_taggeditem", "name": "Can add Tagged Item", "content_type": 12}}, {"pk": 36, "model": "auth.permission", "fields": {"codename": "change_taggeditem", "name": "Can change Tagged Item", "content_type": 12}}, {"pk": 37, "model": "auth.permission", "fields": {"codename": "delete_taggeditem", "name": "Can delete Tagged Item", "content_type": 12}}, {"pk": 68, "model": "auth.permission", "fields": {"codename": "add_vote", "name": "Can add vote", "content_type": 23}}, {"pk": 69, "model": "auth.permission", "fields": {"codename": "change_vote", "name": "Can change vote", "content_type": 23}}, {"pk": 70, "model": "auth.permission", "fields": {"codename": "delete_vote", "name": "Can delete vote", "content_type": 23}}, {"pk": 5, "model": "auth.user", "fields": {"username": "aimeesf", "first_name": "", "last_name": "", "is_active": true, "is_superuser": false, "is_staff": false, "last_login": "2012-03-27 19:22:29", "groups": [], "user_permissions": [], "password": "", "email": "aimee.sferreira@gmail.com", "date_joined": "2012-03-27 19:22:29"}}, {"pk": 6, "model": "auth.user", "fields": {"username": "ebteodoro", "first_name": "", "last_name": "", "is_active": true, "is_superuser": false, "is_staff": false, "last_login": "2012-04-03 17:32:42", "groups": [], "user_permissions": [], "password": "", "email": "evandro@cenpec.org.br", "date_joined": "2012-04-03 17:32:42"}}, {"pk": 4, "model": "auth.user", "fields": {"username": "walrus", "first_name": "", "last_name": "", "is_active": true, "is_superuser": true, "is_staff": true, "last_login": "2012-04-03 18:07:17", "groups": [], "user_permissions": [], "password": "", "email": "edgar@ymonad.com", "date_joined": "2012-03-22 15:26:33"}}, {"pk": 1, "model": "auth.user", "fields": {"username": "Lea", "first_name": "", "last_name": "", "is_active": true, "is_superuser": true, "is_staff": true, "last_login": "2012-04-04 09:57:07", "groups": [], "user_permissions": [], "password": "", "email": "lea.dieterle@gmail.com", "date_joined": "2012-03-19 21:27:30"}}, {"pk": 8, "model": "auth.user", "fields": {"username": "lxbarth", "first_name": "", "last_name": "", "is_active": true, "is_superuser": false, "is_staff": false, "last_login": "2012-04-04 17:44:14", "groups": [], "user_permissions": [], "password": "", "email": "alex@mapbox.com", "date_joined": "2012-04-04 17:44:14"}}, {"pk": 7, "model": "auth.user", "fields": {"username": "apierre_cardoso", "first_name": "", "last_name": "", "is_active": true, "is_superuser": false, "is_staff": false, "last_login": "2012-04-05 18:17:37", "groups": [], "user_permissions": [], "password": "", "email": "apierre.cardoso@gmail.com", "date_joined": "2012-04-03 20:08:33"}}, {"pk": 3, "model": "auth.user", "fields": {"username": "luiz armesto", "first_name": "", "last_name": "", "is_active": true, "is_superuser": false, "is_staff": false, "last_login": "2012-04-05 22:58:07", "groups": [], "user_permissions": [], "password": "", "email": "luiz.armesto@gmail.com", "date_joined": "2012-03-20 19:11:26"}}, {"pk": 2, "model": "auth.user", "fields": {"username": "elaste", "first_name": "", "last_name": "", "is_active": true, "is_superuser": true, "is_staff": true, "last_login": "2012-04-07 22:48:38", "groups": [], "user_permissions": [], "password": "", "email": "3laste2000@gmail.com", "date_joined": "2012-03-20 14:17:42"}}, {"pk": 9, "model": "auth.user", "fields": {"username": "infernando", "first_name": "", "last_name": "", "is_active": true, "is_superuser": false, "is_staff": false, "last_login": "2012-04-09 00:42:25", "groups": [], "user_permissions": [], "password": "", "email": "zffonseca@hotmail.com", "date_joined": "2012-04-09 00:42:25"}}, {"pk": 10, "model": "auth.user", "fields": {"username": "jordao", "first_name": "", "last_name": "", "is_active": true, "is_superuser": false, "is_staff": false, "last_login": "2012-04-09 13:45:24", "groups": [], "user_permissions": [], "password": "", "email": "carlosjordao@gmail.com", "date_joined": "2012-04-09 13:45:24"}}, {"pk": 11, "model": "auth.user", "fields": {"username": "Clariane Santos", "first_name": "", "last_name": "", "is_active": true, "is_superuser": false, "is_staff": false, "last_login": "2012-04-09 13:52:15", "groups": [], "user_permissions": [], "password": "", "email": "clariane.santos@gmail.com", "date_joined": "2012-04-09 13:52:15"}}]